Date,Open,High,Low,Close,Adj Close,Volume
12/12/2018,267.470001,269,265.369995,265.459991,244.204727,97976700
12/13/2018,266.519989,267.48999,264.119995,265.369995,244.122025,96662700
12/14/2018,262.959991,264.029999,259.850006,260.470001,239.614365,116961100
12/17/2018,259.399994,260.649994,253.529999,255.360001,234.913498,165492300
12/18/2018,257.200012,257.950012,253.279999,255.080002,234.65593,134515100
12/19/2018,255.169998,259.399994,249.350006,251.259995,231.1418,214992800
12/20/2018,249.860001,251.619995,244.649994,247.169998,227.379272,252053400
12/21/2018,246.740005,249.710007,239.979996,240.699997,222.720367,255345600
12/24/2018,239.039993,240.839996,234.270004,234.339996,216.835434,147311600
12/26/2018,235.970001,246.179993,233.759995,246.179993,227.791046,218485400
12/27/2018,242.570007,248.289993,238.960007,248.070007,229.539841,186267300
12/28/2018,249.580002,251.399994,246.449997,247.75,229.243729,153100200
12/31/2018,249.559998,250.190002,247.470001,249.919998,231.251648,144299400
1/2/2019,245.979996,251.210007,245.949997,250.179993,231.492203,126925200
1/3/2019,248.229996,248.570007,243.669998,244.210007,225.968216,144140700
1/4/2019,247.589996,253.110001,247.169998,252.389999,233.537155,142628800
1/7/2019,252.690002,255.949997,251.690002,254.380005,235.37854,103139100
1/8/2019,256.820007,257.309998,254,256.769989,237.589981,102512600
1/9/2019,257.559998,258.910004,256.190002,257.970001,238.700333,95006600
1/10/2019,256.26001,259.160004,255.5,258.880005,239.542358,96823900
1/11/2019,257.679993,259.01001,257.029999,258.980011,239.634903,73858100
1/14/2019,256.859985,258.299988,256.410004,257.399994,238.172913,70908200
1/15/2019,257.820007,260.700012,257.809998,260.350006,240.902573,85208300
1/16/2019,260.829987,261.970001,260.600006,260.980011,241.485504,77636700
1/17/2019,260.01001,263.920013,259.959991,262.959991,243.317581,96118400
1/18/2019,264.980011,266.980011,263,266.459991,246.556137,127900300
1/22/2019,264.820007,265.059998,261.059998,262.859985,243.225037,115531200
1/23/2019,264.01001,264.790009,260.660004,263.410004,243.733978,86030300
1/24/2019,263.209991,264.200012,262.079987,263.549988,243.863541,59204100
1/25/2019,265.609985,266.700012,263.660004,265.779999,245.926926,96883400
1/28/2019,263.390015,263.829987,261.790009,263.76001,244.0578,85613700
1/29/2019,263.920013,264.549988,262.480011,263.410004,243.733978,66136300
1/30/2019,265.100006,268.519989,264.25,267.579987,247.592514,92473700
1/31/2019,267.51001,270.470001,267.269989,269.929993,249.766983,104012100
2/1/2019,270.149994,271.200012,269.179993,270.059998,249.887253,85782500
2/4/2019,270.109985,272.029999,269.359985,271.959991,251.645294,60744800
2/5/2019,272.440002,273.440002,271.880005,273.100006,252.700073,79552800
2/6/2019,272.790009,273.339996,271.920013,272.73999,252.367035,58347800
2/7/2019,270.940002,271.549988,268.290009,270.140015,249.961273,95482000
2/8/2019,268.75,270.579987,267.829987,270.470001,250.266602,75788900
2/11/2019,271.200012,271.48999,270.029999,270.619995,250.405411,68021400
2/12/2019,272.420013,274.519989,272.339996,274.100006,253.625549,72270200
2/13/2019,275.029999,275.929993,274.559998,274.98999,254.448975,65277200
2/14/2019,273.779999,275.640015,272.869995,274.380005,253.884521,83234400
2/15/2019,276.359985,277.410004,276.130005,277.369995,256.651245,97088700
2/19/2019,276.480011,278.579987,276.470001,277.850006,257.095398,59120800
2/20/2019,277.809998,278.920013,277.25,278.410004,257.613525,76610800
2/21/2019,277.700012,278.100006,276.350006,277.420013,256.69751,64214700
2/22/2019,278.109985,279.359985,277.399994,279.140015,258.289063,78114600
2/25/2019,280.730011,281.309998,279.429993,279.519989,258.640656,69030700
2/26/2019,279.130005,280.299988,278.899994,279.320007,258.455597,56844100
2/27/2019,278.519989,279.589996,277.480011,279.200012,258.344513,56921600
2/28/2019,278.959991,279.450012,278.320007,278.679993,257.863312,69268300
3/1/2019,280.440002,280.880005,278.820007,280.420013,259.473389,78880500
3/4/2019,281.600006,281.869995,276.839996,279.399994,258.529602,106494600
3/5/2019,279.540009,279.76001,278.410004,279.019989,258.177917,59114600
3/6/2019,279.149994,279.160004,276.970001,277.329987,256.614075,75039800
3/7/2019,276.829987,276.98999,274.070007,275.01001,254.467514,94885100
3/8/2019,272.940002,274.649994,272.420013,274.459991,253.958557,85795800
3/11/2019,275.26001,278.619995,275.230011,278.440002,257.641357,65098900
3/12/2019,279.059998,280.070007,278.850006,279.48999,258.612854,79667500
3/13/2019,280.480011,282.380005,280.299988,281.339996,260.324646,80639200
3/14/2019,281.369995,281.839996,280.670013,281.160004,260.158173,67518400
3/15/2019,280.540009,282.209991,280.329987,281.309998,261.443481,81309000
3/18/2019,281.549988,282.660004,281.299988,282.329987,262.391418,62199800
3/19/2019,283.51001,284.359985,281.410004,282.399994,262.456482,90268100
3/20/2019,282.160004,283.5,280.320007,281.549988,261.666534,84609200
3/21/2019,280.640015,285.179993,280.589996,284.730011,264.621948,79550400
3/22/2019,283.220001,283.799988,279.179993,279.25,259.528961,122659300
3/25/2019,278.869995,280.190002,277.640015,279.040009,259.33374,85575200
3/26/2019,280.98999,282.179993,279.559998,281.119995,261.266846,68125900
3/27/2019,281.109985,281.76001,277.929993,279.649994,259.900696,72224700
3/28/2019,280.350006,281.209991,279.070007,280.709991,260.885834,56238500
3/29/2019,282.390015,282.839996,281.140015,282.480011,262.530823,82186800
4/1/2019,284.700012,286.160004,284.399994,285.829987,265.644165,77617900
4/2/2019,286.040009,286.230011,285.089996,285.970001,265.774414,40070400
4/3/2019,287.320007,287.76001,285.75,286.420013,266.192596,68243200
4/4/2019,286.779999,287.459991,286.01001,287.179993,266.898804,48997500
4/5/2019,287.920013,288.630005,287.600006,288.570007,268.190765,58621700
4/8/2019,288.100006,288.910004,287.369995,288.790009,268.395203,53566300
4/9/2019,287.720001,288.079987,286.700012,287.309998,267.019714,66142300
4/10/2019,287.769989,288.390015,287.309998,288.290009,267.930542,52601500
4/11/2019,288.829987,288.839996,287.579987,288.209991,267.85611,55093100
4/12/2019,290,290.470001,288.26001,290.160004,269.668427,69727800
4/15/2019,290.23999,290.350006,289.079987,289.970001,269.491852,49596700
4/16/2019,290.950012,291.01001,289.5,290.160004,269.668427,52153200
4/17/2019,291.399994,291.429993,288.98999,289.450012,269.008575,58268300
4/18/2019,290.100006,290.320007,288.660004,290.019989,269.53833,68708500
4/22/2019,289.170013,290.440002,289.070007,290.269989,269.770721,40160100
4/23/2019,290.679993,293.140015,290.420013,292.880005,272.19632,52246600
4/24/2019,292.790009,293.160004,292.070007,292.230011,271.592316,50392900
4/25/2019,292.119995,292.779999,290.730011,292.049988,271.424988,57770900
4/26/2019,292.100006,293.48999,291.23999,293.410004,272.688904,50916400
4/29/2019,293.51001,294.450012,293.410004,293.869995,273.116364,57197700
4/30/2019,293.48999,294.339996,291.920013,294.019989,273.255859,81111700
5/1/2019,294.720001,294.950012,291.799988,291.809998,271.201935,71671900
5/2/2019,291.679993,292.700012,289.519989,291.179993,270.616455,65030200
5/3/2019,292.820007,294.339996,291.299988,294.029999,273.265137,56543700
5/6/2019,289.25,293.309998,288.899994,292.820007,272.140625,107198100
5/7/2019,290.149994,290.809998,285.809998,287.929993,267.595886,144729900
5/8/2019,287.529999,289.429993,286.869995,287.529999,267.224243,91568300
5/9/2019,285.230011,287.329987,283.299988,286.660004,266.41568,103471100
5/10/2019,285.619995,288.940002,282.299988,288.100006,267.753937,112429300
5/13/2019,282.420013,283.48999,279.929993,280.859985,261.025208,127290500
5/14/2019,281.98999,285.100006,281.850006,283.399994,263.385834,77003200
5/15/2019,281.589996,285.769989,281.359985,285.059998,264.928619,73956400
5/16/2019,285.839996,289.209991,285.76001,287.700012,267.382172,76749600
5/17/2019,285.140015,288.600006,285.119995,285.839996,265.653595,100353000
5/20/2019,284.059998,285.959991,283.119995,283.950012,263.897034,62877600
5/21/2019,285.829987,286.929993,285.549988,286.51001,266.276215,46847100
5/22/2019,285.450012,286.690002,285.100006,285.630005,265.458374,49482500
5/23/2019,283.160004,283.209991,280.570007,282.140015,262.214752,98733800
5/24/2019,283.73999,284.200012,282.089996,282.779999,262.809631,55268100
5/28/2019,283.089996,284.149994,280.130005,280.149994,260.365387,70029400
5/29/2019,278.910004,279.359985,276.709991,278.269989,258.618073,104972900
5/30/2019,279.109985,280.040009,277.809998,279.029999,259.324463,62523800
5/31/2019,276.200012,277.119995,275.23999,275.269989,255.829987,86862800
6/3/2019,275.309998,276.549988,273.089996,274.570007,255.179459,96428000
6/4/2019,277.119995,280.679993,276.619995,280.529999,260.718475,77231900
6/5/2019,282.329987,282.98999,280.320007,282.959991,262.976898,71169700
6/6/2019,283.290009,285.549988,282.570007,284.799988,264.686951,69430400
6/7/2019,285.929993,288.850006,285.73999,287.649994,267.335693,74272200
6/10/2019,289.369995,290.820007,288.869995,288.970001,268.562531,60799100
6/11/2019,290.98999,291.399994,288.179993,288.899994,268.497498,58641300
6/12/2019,288.640015,289.26001,287.820007,288.390015,268.023499,47096300
6/13/2019,289.399994,289.980011,288.619995,289.579987,269.129425,48945200
6/14/2019,289.26001,289.929993,288.410004,289.26001,268.832031,52324700
6/17/2019,289.519989,290.220001,289.179993,289.369995,268.934204,39205700
6/18/2019,291.390015,293.570007,290.98999,292.399994,271.750183,85434800
6/19/2019,292.549988,293.649994,291.470001,293.059998,272.363556,78674400
6/20/2019,296.040009,296.309998,293.130005,295.859985,274.965942,116570000
6/21/2019,294.130005,295.519989,293.76001,294,274.566254,83309500
6/24/2019,294.230011,294.579987,293.470001,293.640015,274.230072,47582700
6/25/2019,293.700012,293.730011,290.640015,290.76001,271.540344,82028700
6/26/2019,291.75,292.309998,290.350006,290.470001,271.269501,51584900
6/27/2019,291.309998,292.059998,290.890015,291.5,272.231415,40355200
6/28/2019,292.579987,293.549988,292.01001,293,273.632385,59350900
7/1/2019,296.679993,296.920013,294.329987,295.660004,276.116455,78705600
7/2/2019,295.609985,296.48999,294.679993,296.429993,276.835541,61504500
7/3/2019,297.179993,298.820007,297.019989,298.799988,279.048889,40898900
7/5/2019,297.440002,298.640015,296.01001,298.459991,278.731384,51677300
7/8/2019,297.01001,298.26001,296.220001,296.820007,277.199768,45841800
7/9/2019,295.540009,297.519989,295.480011,297.190002,277.545319,41101300
7/10/2019,298.369995,299.660004,297.779999,298.609985,278.87149,58448500
7/11/2019,299.320007,299.579987,298.200012,299.309998,279.525177,50826100
7/12/2019,299.850006,300.730011,299.51001,300.649994,280.776581,40326000
7/15/2019,301.130005,301.130005,300.190002,300.75,280.869965,33900000
7/16/2019,300.649994,300.880005,299.440002,299.779999,279.964142,36650100
7/17/2019,299.75,299.929993,297.73999,297.73999,278.05899,36036300
7/18/2019,297.190002,299.25,296.700012,298.829987,279.076904,51392600
7/19/2019,300.040009,300.070007,296.980011,297.170013,277.526672,58678600
7/22/2019,297.609985,298.5,297.040009,297.899994,278.208374,43638100
7/23/2019,299.140015,300.029999,298.220001,300.029999,280.197632,44564500
7/24/2019,299.190002,301.440002,299.089996,301.440002,281.514404,47213200
7/25/2019,300.940002,301,299.109985,300,280.169617,55394100
7/26/2019,300.76001,302.230011,300.619995,302.01001,282.046692,45084100
7/29/2019,301.880005,302.01001,300.850006,301.459991,281.533051,38126500
7/30/2019,299.910004,301.170013,299.48999,300.720001,280.84198,45849000
7/31/2019,300.98999,301.200012,295.200012,297.429993,277.76944,104245200
8/1/2019,297.600006,300.869995,293.959991,294.839996,275.350708,142646600
8/2/2019,293.850006,294.119995,290.899994,292.619995,273.277435,116749700
8/5/2019,288.089996,288.209991,281.720001,283.820007,265.059113,178745400
8/6/2019,285.910004,288.040009,284.279999,287.799988,268.776031,120711700
8/7/2019,284.399994,288.820007,282.040009,287.970001,268.934784,140572300
8/8/2019,289.619995,293.619995,289.01001,293.619995,274.211273,87713900
8/9/2019,292.579987,293.23999,289.649994,291.619995,272.343506,93730000
8/12/2019,289.959991,291.609985,287.019989,288.070007,269.028229,65527600
8/13/2019,287.73999,294.149994,287.359985,292.549988,273.212036,94299800
8/14/2019,288.070007,288.73999,283.76001,283.899994,265.13385,135622100
8/15/2019,284.880005,285.640015,282.390015,284.649994,265.834229,99556600
8/16/2019,286.480011,289.329987,284.709991,288.850006,269.756592,83018300
8/19/2019,292.190002,293.079987,291.440002,292.329987,273.006622,53571800
8/20/2019,291.769989,292.359985,289.950012,290.089996,270.914734,51596400
8/21/2019,292.480011,292.859985,291.720001,292.450012,273.118683,49524700
8/22/2019,293.230011,293.929993,290.399994,292.359985,273.034576,51666400
8/23/2019,290.920013,292.76001,283.470001,284.850006,266.021057,149161500
8/26/2019,287.269989,288,285.579987,288,268.962799,72423800
8/27/2019,289.540009,289.950012,286.029999,286.869995,267.907471,66668900
8/28/2019,286.140015,289.070007,285.25,288.890015,269.793945,59696700
8/29/2019,291.720001,293.160004,290.609985,292.579987,273.23999,57899400
8/30/2019,294.220001,294.23999,291.420013,292.450012,273.118683,62901200
9/3/2019,290.570007,291.579987,289.269989,290.73999,271.521667,69101400
9/4/2019,293.140015,294.059998,292.309998,294.040009,274.603577,46887300
9/5/2019,296.790009,298.829987,294,297.820007,278.133728,83258100
9/6/2019,298.170013,298.76001,297.420013,298.049988,278.34848,49584300
9/9/2019,299.140015,299.23999,297.160004,298.200012,278.488586,51260300
9/10/2019,297.359985,298.200012,295.970001,298.130005,278.423126,57947100
9/11/2019,298.470001,300.339996,297.75,300.25,280.403076,68821100
9/12/2019,301.25,302.459991,300.410004,301.290009,281.374298,72908700
9/13/2019,301.779999,302.170013,300.679993,301.089996,281.1875,62104800
9/16/2019,299.839996,301.140015,299.450012,300.160004,280.319061,58191200
9/17/2019,299.940002,301.019989,299.75,300.920013,281.028748,41475500
9/18/2019,300.48999,301.220001,298.23999,301.100006,281.196899,73375800
9/19/2019,301.529999,302.630005,300.709991,301.079987,281.178223,76560500
9/20/2019,300.359985,300.670013,297.410004,298.279999,279.849609,89565000
9/23/2019,297.549988,299,297.269989,298.209991,279.784027,43476800
9/24/2019,299.410004,299.839996,294.809998,295.869995,277.588593,94869400
9/25/2019,295.959991,298.109985,294.329987,297.619995,279.230469,71854000
9/26/2019,297.630005,297.859985,295.450012,297,278.648712,56179700
9/27/2019,297.829987,297.950012,293.690002,295.399994,277.147614,84746600
9/30/2019,295.970001,297.549988,295.920013,296.769989,278.432953,51662400
10/1/2019,297.73999,298.459991,293,293.23999,275.121033,88242400
10/2/2019,291.5,291.51001,286.640015,288.059998,270.261108,122539500
10/3/2019,287.809998,290.450012,284.820007,290.420013,272.475281,85278800
10/4/2019,291.140015,294.630005,291.079987,294.350006,276.162476,65091200
10/7/2019,293.470001,295.26001,292.769989,293.079987,274.971069,59610500
10/8/2019,291.040009,291.850006,288.48999,288.529999,270.702118,95708100
10/9/2019,290.75,292.299988,290.059998,291.269989,273.272766,62359400
10/10/2019,291.179993,294.209991,291,293.23999,275.121033,55296300
10/11/2019,296.269989,298.73999,296.140015,296.279999,277.973297,98720400
10/14/2019,295.929993,296.670013,295.570007,295.950012,277.663605,40394800
10/15/2019,297.100006,299.700012,296.970001,298.880005,280.412689,46754500
10/16/2019,298.369995,299.160004,297.920013,298.399994,279.96228,48928200
10/17/2019,299.679993,300.23999,298.519989,299.279999,280.787842,45736600
10/18/2019,298.690002,299.399994,297.029999,297.970001,279.558868,64304000
10/21/2019,299.420013,300.209991,298.940002,299.98999,281.454071,39048600
10/22/2019,300.579987,300.899994,298.910004,299.01001,280.534576,48594700
10/23/2019,298.730011,299.940002,298.5,299.880005,281.350769,34352200
10/24/2019,300.910004,301.070007,299.459991,300.369995,281.810516,35453100
10/25/2019,299.73999,302.200012,299.679993,301.600006,282.964569,45205400
10/28/2019,302.940002,303.850006,302.910004,303.299988,284.559509,42147000
10/29/2019,303,304.230011,302.859985,303.209991,284.475067,44284900
10/30/2019,303.429993,304.549988,301.98999,304.140015,285.347565,49643900
10/31/2019,304.130005,304.130005,301.730011,303.329987,284.587616,69053800
11/1/2019,304.920013,306.190002,304.73999,306.140015,287.223999,71141500
11/4/2019,307.850006,308,306.959991,307.369995,288.378082,60606900
11/5/2019,307.589996,307.920013,306.709991,307.029999,288.059021,42933200
11/6/2019,307.029999,307.399994,306.059998,307.100006,288.124756,46487100
11/7/2019,308.570007,309.649994,307.660004,308.179993,289.137909,54272300
11/8/2019,307.799988,309,307.029999,308.940002,289.851044,49032100
11/11/2019,307.420013,308.540009,307.269989,308.350006,289.297485,35797300
11/12/2019,308.75,309.98999,308.149994,309,289.907257,46484600
11/13/2019,307.910004,309.540009,307.660004,309.100006,290.001129,53917700
11/14/2019,308.790009,309.640015,308.089996,309.549988,290.42334,51219900
11/15/2019,311.019989,311.839996,310.26001,311.790009,292.524872,62023600
11/18/2019,311.529999,312.279999,311.029999,312.019989,292.740662,49228000
11/19/2019,312.679993,312.690002,311.220001,311.929993,292.65625,67804700
11/20/2019,311.279999,311.850006,309.059998,310.769989,291.567902,79406200
11/21/2019,310.890015,311.01001,309.390015,310.269989,291.098785,54664700
11/22/2019,311.089996,311.23999,309.850006,310.959991,291.746246,44850200
11/25/2019,311.980011,313.369995,311.980011,313.369995,294.007324,48647200
11/26/2019,313.410004,314.279999,313.059998,314.079987,294.673401,37569000
11/27/2019,314.609985,315.480011,314.369995,315.480011,295.986969,44444600
11/29/2019,314.859985,315.130005,314.059998,314.309998,294.889221,36592700
12/2/2019,314.589996,314.660004,311.170013,311.640015,292.384155,75767800
12/3/2019,308.649994,309.640015,307.130005,309.549988,290.42334,73941700
12/4/2019,310.700012,312.119995,310.320007,311.459991,292.215302,49080000
12/5/2019,312.230011,312.25,310.579987,312.019989,292.740662,40709000
12/6/2019,314.119995,315.309998,314.109985,314.869995,295.414551,48927000
12/9/2019,314.440002,315.179993,313.799988,313.880005,294.485809,34838500
12/10/2019,313.820007,314.549988,312.809998,313.529999,294.157349,52649800
12/11/2019,314.029999,314.700012,313.440002,314.420013,294.992401,53429100
12/12/2019,314.429993,317.98999,314.170013,317.130005,297.535004,96389600
12/13/2019,316.869995,318.670013,316.019989,317.320007,297.713257,81503900
12/16/2019,319.220001,320.149994,317.25,319.5,299.758545,82749700
12/17/2019,319.920013,320.25,319.480011,319.570007,299.824219,61097700
12/18/2019,320,320.25,319.529999,319.589996,299.842987,48133000
12/19/2019,319.799988,320.980011,319.519989,320.899994,301.072021,85310500
12/20/2019,320.459991,321.970001,319.390015,320.730011,302.392059,147142100
12/23/2019,321.589996,321.649994,321.059998,321.220001,302.853973,52990000
12/24/2019,321.470001,321.519989,320.899994,321.230011,302.863403,20270000
12/26/2019,321.649994,322.950012,321.640015,322.940002,304.475647,30911200
12/27/2019,323.73999,323.799988,322.279999,322.859985,304.400208,42528800
12/30/2019,322.950012,323.100006,320.549988,321.079987,302.721954,49729100
12/31/2019,320.529999,322.130005,320.149994,321.859985,303.457367,57077300
1/2/2020,323.540009,324.890015,322.529999,324.869995,306.295227,59151200
1/3/2020,321.160004,323.640015,321.100006,322.410004,303.975891,77709700
1/6/2020,320.48999,323.730011,320.359985,323.640015,305.13559,55653900
1/7/2020,323.019989,323.540009,322.23999,322.730011,304.277588,40496400
1/8/2020,322.940002,325.779999,322.670013,324.450012,305.899261,68296000
1/9/2020,326.160004,326.730011,325.519989,326.649994,307.973511,48473300
1/10/2020,327.290009,327.459991,325.200012,325.709991,307.08725,53029300
1/13/2020,326.390015,327.959991,325.920013,327.950012,309.199188,47086800
1/14/2020,327.470001,328.619995,326.839996,327.450012,308.727722,62832800
1/15/2020,327.350006,329.019989,327.26001,328.190002,309.425446,72056600
1/16/2020,329.700012,330.920013,329.450012,330.920013,311.99939,54050300
1/17/2020,331.700012,332.179993,330.850006,331.950012,312.970459,95846000
1/21/2020,330.899994,332.179993,330.820007,331.299988,312.357666,77742400
1/22/2020,332.23999,332.950012,331.170013,331.339996,312.395294,48914900
1/23/2020,330.630005,332.170013,329.410004,331.720001,312.753571,51963000
1/24/2020,332.440002,332.529999,327.359985,328.769989,309.97229,87578400
1/27/2020,323.029999,325.119995,322.660004,323.5,305.003571,84062500
1/28/2020,325.059998,327.850006,323.600006,326.890015,308.199799,63834000
1/29/2020,328.380005,328.630005,326.399994,326.619995,307.945221,53888900
1/30/2020,324.359985,327.910004,323.540009,327.679993,308.94458,75491800
1/31/2020,327,327.170013,320.730011,321.730011,303.334808,113845600
2/3/2020,323.350006,326.160004,323.220001,324.119995,305.588135,69083000
2/4/2020,328.070007,330.01001,327.720001,329.059998,310.245667,62573200
2/5/2020,332.269989,333.089996,330.670013,332.859985,313.828461,65951100
2/6/2020,333.910004,334.190002,332.799988,333.980011,314.884369,50359700
2/7/2020,332.820007,333.98999,331.600006,332.200012,313.206207,64139400
2/10/2020,331.230011,334.75,331.190002,334.679993,315.544373,42070000
2/11/2020,336.160004,337.019989,334.679993,335.26001,316.091217,54864500
2/12/2020,336.829987,337.649994,336.429993,337.420013,318.127716,43992700
2/13/2020,335.859985,338.119995,335.559998,337.059998,317.788269,54501900
2/14/2020,337.51001,337.730011,336.200012,337.600006,318.297394,64582200
2/18/2020,336.51001,337.670013,335.209991,336.730011,317.477203,57226200
2/19/2020,337.790009,339.079987,337.480011,338.339996,318.995148,48814700
2/20/2020,337.73999,338.640015,333.679993,336.950012,317.68457,74163400
2/21/2020,335.470001,335.809998,332.579987,333.480011,314.412964,113788200
2/24/2020,323.140015,333.559998,321.23999,322.420013,303.985382,161088400
2/25/2020,323.940002,324.609985,311.690002,312.649994,294.773987,218913200
2/26/2020,314.179993,318.109985,310.700012,311.5,293.689697,194773800
2/27/2020,305.459991,311.559998,297.51001,297.51001,280.499573,284353500
2/28/2020,288.700012,297.890015,285.540009,296.26001,279.321045,384975800
3/2/2020,298.209991,309.160004,294.459991,309.089996,291.417511,238703600
3/3/2020,309.5,313.839996,297.570007,300.23999,283.073547,300139100
3/4/2020,306.119995,313.100006,303.329987,312.859985,294.971985,176613400
3/5/2020,304.980011,308.470001,300.01001,302.459991,285.166565,186366800
3/6/2020,293.149994,298.779999,290.230011,297.459991,280.452515,228667200
3/9/2020,275.299988,284.190002,273.450012,274.230011,258.550629,309417300
3/10/2020,284.640015,288.519989,273.5,288.420013,271.929321,276444100
3/11/2020,280.700012,281.940002,270.880005,274.359985,258.673218,255316300
3/12/2020,256,266.660004,247.679993,248.110001,233.924072,392220700
3/13/2020,263.089996,271.480011,248.520004,269.320007,253.921402,329566100
3/16/2020,241.179993,256.899994,237.360001,239.850006,226.136353,297240000
3/17/2020,245.039993,256.170013,237.070007,252.800003,238.345947,262070500
3/18/2020,236.25,248.369995,228.020004,240,226.277832,327597100
3/19/2020,239.25,247.380005,232.220001,240.509995,226.758636,289322000
3/20/2020,242.529999,244.470001,228.5,228.800003,216.986649,347158800
3/23/2020,228.190002,229.679993,218.259995,222.949997,211.43869,326025200
3/24/2020,234.419998,244.100006,233.800003,243.149994,230.595734,235494500
3/25/2020,244.869995,256.350006,239.75,246.789993,234.047775,299430300
3/26/2020,249.520004,262.799988,249.050003,261.200012,247.713791,257632800
3/27/2020,253.270004,260.809998,251.050003,253.419998,240.335495,224341200
3/30/2020,255.699997,262.429993,253.529999,261.649994,248.140503,171369500
3/31/2020,260.559998,263.329987,256.220001,257.75,244.441925,194881100
4/1/2020,247.979996,257.660004,243.899994,246.149994,233.440826,189554600
4/2/2020,245.190002,252.679993,244.589996,251.830002,238.827545,177660400
4/3/2020,250.759995,253.320007,245.220001,248.190002,235.375473,135561200
4/6/2020,257.839996,267,248.169998,264.859985,251.184784,188061200
4/7/2020,274.209991,275.029999,264.890015,265.130005,251.440826,201427200
4/8/2020,267.959991,276,265.25,274.029999,259.881317,153774500
4/9/2020,277.579987,281.200012,275.470001,278.200012,263.836029,189999200
4/13/2020,277.140015,277.51001,271.410004,275.660004,261.427155,114839100
4/14/2020,280.980011,284.899994,275.51001,283.790009,269.13739,134143400
4/15/2020,277.570007,283.940002,275.459991,277.76001,263.418701,121775000
4/16/2020,279.149994,280.029999,275.76001,279.100006,264.689545,131798300
4/17/2020,285.380005,287.299988,282.399994,286.640015,271.840271,146684800
4/20/2020,282.609985,286.790009,281.350006,281.589996,267.050995,100109300
4/21/2020,276.730011,278.040009,272.019989,273.040009,258.942444,126385700
4/22/2020,278.350006,281,276.910004,279.100006,264.689545,92951600
4/23/2020,280.48999,283.940002,278.75,279.079987,264.670532,104709700
4/24/2020,280.730011,283.700012,278.5,282.970001,268.359772,85063200
4/27/2020,285.119995,288.269989,284.619995,287.049988,272.229034,77896600
4/28/2020,291.019989,291.399994,285.399994,285.730011,270.977295,105270000
4/29/2020,291.529999,294.880005,290.410004,293.209991,278.071045,118745600
4/30/2020,291.709991,293.320007,288.589996,290.480011,275.481964,122901700
5/1/2020,285.309998,290.660004,281.519989,282.790009,268.188965,125180000
5/4/2020,280.73999,283.899994,279.130005,283.570007,268.928772,80873200
5/5/2020,286.640015,289.25,283.709991,286.190002,271.413513,79569900
5/6/2020,288.040009,288.459991,283.779999,284.25,269.573669,73632600
5/7/2020,287.75,289.779999,287.130005,287.679993,272.826569,75250400
5/8/2020,291.089996,292.950012,289.859985,292.440002,277.340759,76452400
5/11/2020,290.339996,294,289.880005,292.5,277.397675,79514200
5/12/2020,293.790009,294.23999,286.519989,286.670013,271.868713,95870800
5/13/2020,286.059998,287.190002,278.959991,281.600006,267.060425,144721100
5/14/2020,278.950012,285.109985,272.98999,284.970001,270.256531,121977900
5/15/2020,282.369995,286.329987,281.339996,286.279999,271.49884,111146300
5/18/2020,293.049988,296.75,292.700012,295,279.768646,119703800
5/19/2020,294.350006,296.209991,291.950012,291.970001,276.895081,95189300
5/20/2020,295.820007,297.869995,295.570007,296.929993,281.598938,85861700
5/21/2020,296.790009,297.670013,293.690002,294.880005,279.654816,78293900
5/22/2020,294.570007,295.630005,293.220001,295.440002,280.185883,63958200
5/26/2020,301.929993,302.190002,295.459991,299.079987,283.637909,88951400
5/27/2020,302.119995,303.570007,296.869995,303.529999,287.858215,104817400
5/28/2020,304.649994,306.839996,302.23999,302.970001,287.327087,90405200
5/29/2020,302.459991,304.959991,299.470001,304.320007,288.607391,119090800
6/1/2020,303.619995,306.209991,303.059998,305.549988,289.773926,55758300
6/2/2020,306.549988,308.130005,305.100006,308.079987,292.173187,74267200
6/3/2020,310.23999,313.220001,309.940002,312.179993,296.061584,92567600
6/4/2020,311.109985,313,309.079987,311.359985,295.283905,75794400
6/5/2020,317.230011,321.269989,317.160004,319.339996,302.851837,150524700
6/8/2020,320.220001,323.410004,319.630005,323.200012,306.512573,73641200
6/9/2020,320.299988,323.279999,319.359985,320.790009,304.22702,77479200
6/10/2020,321.420013,322.390015,318.220001,319,302.529419,95000800
6/11/2020,311.459991,312.149994,300.01001,300.609985,285.088959,209243600
6/12/2020,308.23999,309.079987,298.600006,304.209991,288.503082,194678900
6/15/2020,298.019989,308.279999,296.73999,307.049988,291.196533,135782700
6/16/2020,315.480011,315.640015,307.670013,312.959991,296.801239,137627500
6/17/2020,314.070007,314.390015,310.859985,311.660004,295.56842,83398900
6/18/2020,310.01001,312.299988,309.51001,311.779999,295.68219,80828700
6/19/2020,314.170013,314.380005,306.529999,308.640015,293.992432,135549600
6/22/2020,307.98999,311.049988,306.75,310.619995,295.878448,74649400
6/23/2020,313.48999,314.5,311.609985,312.049988,297.240601,68471200
6/24/2020,309.839996,310.51001,302.100006,304.089996,289.658325,132813500
6/25/2020,303.470001,307.640015,301.279999,307.350006,292.763672,89468000
6/26/2020,306.160004,306.390015,299.420013,300.049988,285.810059,127961000
6/29/2020,301.410004,304.609985,298.929993,304.459991,290.010803,79773300
6/30/2020,303.98999,310.200012,303.820007,308.359985,293.725647,113394800
7/1/2020,309.570007,311.890015,309.070007,310.519989,295.783173,72396500
7/2/2020,314.23999,315.700012,311.51001,312.230011,297.412048,69344200
7/6/2020,316.369995,317.679993,315.559998,317.049988,302.003265,61713800
7/7/2020,315.380005,317.519989,313.369995,313.779999,298.888519,82910000
7/8/2020,314.609985,316.299988,312.700012,316.179993,301.174622,54638600
7/9/2020,316.839996,317.100006,310.679993,314.380005,299.459991,83354200
7/10/2020,314.309998,317.880005,312.76001,317.589996,302.517639,57550400
7/13/2020,320.130005,322.709991,314.130005,314.839996,299.898132,102997500
7/14/2020,313.299988,319.76001,312,318.920013,303.784546,93657000
7/15/2020,322.410004,323.040009,319.269989,321.850006,306.575531,87196500
7/16/2020,319.790009,321.279999,319.089996,320.790009,305.565826,54622500
7/17/2020,321.880005,322.570007,319.73999,321.720001,306.451721,62774900
7/20/2020,321.429993,325.130005,320.619995,324.320007,308.928284,56308800
7/21/2020,326.450012,326.929993,323.940002,325.01001,309.585541,57292200
7/22/2020,324.619995,327.200012,324.5,326.859985,311.347748,57792900
7/23/2020,326.470001,327.230011,321.480011,322.959991,307.632813,75738000
7/24/2020,320.950012,321.98999,319.25,320.880005,305.65152,73766600
7/27/2020,321.630005,323.410004,320.769989,323.220001,307.880493,48293000
7/28/2020,322.429993,323.640015,320.850006,321.170013,305.927765,57495000
7/29/2020,322.119995,325.730011,322.079987,325.119995,309.690247,48454200
7/30/2020,321.899994,324.410004,319.640015,323.959991,308.585358,61861700
7/31/2020,325.899994,326.630005,321.329987,326.519989,311.023865,84986800
8/3/2020,328.320007,329.619995,327.730011,328.790009,313.186127,53077900
8/4/2020,327.859985,330.059998,327.859985,330.059998,314.395844,41917900
8/5/2020,331.470001,332.390015,331.179993,332.109985,316.348541,42697700
8/6/2020,331.480011,334.459991,331.130005,334.329987,318.463257,43679400
8/7/2020,333.279999,334.880005,332.299988,334.570007,318.691833,57308300
8/10/2020,335.059998,335.769989,332.959991,335.570007,319.644379,44282100
8/11/2020,336.850006,337.540009,332.01001,332.799988,317.005768,69601100
8/12/2020,335.440002,338.279999,335.410004,337.440002,321.425629,53774400
8/13/2020,336.609985,338.25,335.829987,336.829987,320.844543,41816100
8/14/2020,336.410004,337.420013,335.619995,336.839996,320.854095,47260400
8/17/2020,337.940002,338.339996,336.850006,337.910004,321.873322,35481000
8/18/2020,338.339996,339.100006,336.609985,338.640015,322.568634,38733900
8/19/2020,339.049988,339.609985,336.619995,337.230011,321.225586,68054200
8/20/2020,335.359985,338.799988,335.220001,338.279999,322.225769,42207800
8/21/2020,337.920013,339.720001,337.549988,339.480011,323.368805,55106600
8/24/2020,342.119995,343,339.450012,342.920013,326.645569,48588700
8/25/2020,343.529999,344.209991,342.269989,344.119995,327.788605,38463400
8/26/2020,344.76001,347.859985,344.170013,347.570007,331.074829,50790200
8/27/2020,348.51001,349.899994,346.529999,348.329987,331.798798,58034100
8/28/2020,349.440002,350.720001,348.149994,350.579987,333.941956,48588900
8/31/2020,350.350006,351.299988,349.059998,349.309998,332.732269,66099200
9/1/2020,350.209991,352.709991,349.23999,352.600006,335.866119,54908700
9/2/2020,354.670013,358.75,353.429993,357.700012,340.724091,69540000
9/3/2020,355.869995,356.380005,342.589996,345.390015,328.998352,148011100
9/4/2020,346.130005,347.829987,334.869995,342.570007,326.312195,139156300
9/8/2020,336.709991,342.640015,332.880005,333.209991,317.396393,114465300
9/9/2020,337.549988,342.459991,336.609985,339.790009,323.664063,91462300
9/10/2020,341.820007,342.529999,332.850006,333.890015,318.044098,90569500
9/11/2020,335.820007,336.970001,331,334.059998,318.205994,84680200
9/14/2020,337.48999,340.380005,334.220001,338.459991,322.397186,65605700
9/15/2020,341.119995,342.019989,338.470001,340.170013,324.026031,52920900
9/16/2020,341.51001,343.059998,338.519989,338.820007,322.740143,82096000
9/17/2020,333.559998,337.700012,332.98999,335.839996,319.901489,91523300
9/18/2020,335.369995,335.48999,327.970001,330.649994,316.218567,105877900
9/21/2020,325.700012,327.130005,321.730011,326.970001,312.699249,99450800
9/22/2020,328.570007,330.899994,325.859985,330.299988,315.883911,63612100
9/23/2020,330.899994,331.200012,322.100006,322.640015,308.558197,93112200
9/24/2020,321.220001,326.799988,319.799988,323.5,309.380676,76681300
9/25/2020,322.579987,329.579987,321.640015,328.730011,314.382477,71069400
9/28/2020,333.220001,334.959991,332.149994,334.190002,319.604126,64584600
9/29/2020,333.970001,334.769989,331.619995,332.369995,317.863525,51304000
9/30/2020,333.089996,338.290009,332.880005,334.890015,320.27359,104081100
10/1/2020,337.690002,338.73999,335.01001,337.040009,322.329742,88698700
10/2/2020,331.700012,337.01001,331.190002,333.839996,319.269409,89431100
10/5/2020,336.059998,339.959991,336.01001,339.76001,324.93103,45713100
10/6/2020,339.910004,342.170013,334.380005,334.929993,320.311829,90128900
10/7/2020,338.119995,341.630005,338.089996,340.76001,325.88739,56999600
10/8/2020,342.850006,343.850006,341.859985,343.779999,328.775543,45242500
10/9/2020,345.559998,347.350006,344.890015,346.850006,331.711578,59528600
10/12/2020,349.589996,354.019989,349.059998,352.429993,337.047974,80388500
10/13/2020,352.279999,352.470001,349.089996,350.130005,334.848419,73255500
10/14/2020,350.75,351.929993,347.140015,347.929993,332.744415,57727900
10/15/2020,343.709991,348.019989,343.130005,347.5,332.333191,60357700
10/16/2020,348.959991,350.75,347.100006,347.290009,332.132416,89501900
10/19/2020,348.649994,349.329987,341.040009,342.01001,327.082855,68425600
10/20/2020,343.459991,346.880005,342.640015,343.380005,328.393005,60051900
10/21/2020,343.329987,345.670013,342.399994,342.730011,327.771454,63575000
10/22/2020,342.959991,345.23999,340.649994,344.609985,329.569336,55399300
10/23/2020,345.929993,345.98999,343.130005,345.779999,330.688293,49143900
10/26/2020,342.130005,342.980011,335.619995,339.390015,324.577209,91473000
10/27/2020,339.76001,340.119995,337.98999,338.220001,323.458221,65994100
10/28/2020,332.100006,338.25,326.130005,326.660004,312.40274,127094300
10/29/2020,326.910004,333.399994,325.089996,329.980011,315.57785,90597700
10/30/2020,328.279999,329.690002,322.600006,326.540009,312.288025,120287300
11/2/2020,330.200012,332.359985,327.23999,330.200012,315.788239,86068300
11/3/2020,333.690002,338.25,330.290009,336.029999,321.3638,93294200
11/4/2020,340.859985,347.940002,339.589996,343.540009,328.546051,126959700
11/5/2020,349.23999,352.190002,348.859985,350.23999,334.953583,82039700
11/6/2020,349.929993,351.51001,347.649994,350.160004,334.877106,74973000
11/9/2020,363.970001,364.380005,354.059998,354.559998,339.085083,172304200
11/10/2020,353.48999,355.179993,350.51001,354.040009,338.58783,85552000
11/11/2020,356.399994,357.559998,355.059998,356.670013,341.102966,58649000
11/12/2020,355.579987,356.720001,351.26001,353.209991,337.793976,67546200
11/13/2020,355.269989,358.899994,354.709991,358.100006,342.470551,62892200
11/16/2020,360.980011,362.779999,359.589996,362.570007,346.745453,74541100
11/17/2020,359.970001,361.920013,358.339996,360.619995,344.880585,66111000
11/18/2020,360.910004,361.5,356.23999,356.279999,340.72998,70591300
11/19/2020,355.600006,358.179993,354.149994,357.779999,342.164551,59940900
11/20/2020,357.5,357.720001,355.25,355.329987,339.821442,70417300
11/23/2020,357.279999,358.820007,354.869995,357.459991,341.85849,63230600
11/24/2020,360.209991,363.809998,359.290009,363.220001,347.367065,62415900
11/25/2020,363.130005,363.160004,361.480011,362.660004,346.831543,45330900
11/27/2020,363.839996,364.179993,362.579987,363.670013,347.797516,28514100
11/30/2020,362.829987,363.119995,359.170013,362.059998,346.257782,83872700
12/1/2020,365.570007,367.679993,364.929993,366.019989,350.044861,74231400
12/2/2020,364.820007,366.959991,364.200012,366.790009,350.78125,45927000
12/3/2020,366.679993,368.190002,365.5,366.690002,350.685699,62882000
12/4/2020,367.320007,369.850006,367.220001,369.850006,353.707733,50749900
12/7/2020,369.019989,369.619995,367.720001,369.089996,352.980896,48944300
12/8/2020,367.720001,370.779999,367.670013,370.170013,354.013763,42458900
12/9/2020,370.880005,371.049988,365.950012,366.850006,350.838623,74098300
12/10/2020,365.369995,367.859985,364.429993,366.730011,350.723907,57735400
12/11/2020,364.899994,366.73999,363.26001,366.299988,350.312683,57698600
12/14/2020,368.640015,369.799988,364.470001,364.660004,348.744263,69216200
12/15/2020,367.399994,369.589996,365.920013,369.589996,353.459045,63865300
12/16/2020,369.820007,371.160004,368.869995,370.170013,354.013763,58420500
12/17/2020,371.940002,372.459991,371.049988,372.23999,355.993439,64119500
12/18/2020,370.970001,371.149994,367.019989,369.179993,354.57196,136542300
12/21/2020,364.970001,378.459991,362.029999,367.859985,353.304199,96386700
12/22/2020,368.209991,368.329987,366.029999,367.23999,352.70871,47949000
12/23/2020,368.279999,369.619995,367.220001,367.570007,353.025665,46201400
12/24/2020,368.079987,369.029999,367.450012,369,354.399109,26457900
12/28/2020,371.73999,372.589996,371.070007,372.170013,357.443665,39000400
12/29/2020,373.809998,374,370.829987,371.459991,356.76178,53680500
12/30/2020,372.339996,373.100006,371.570007,371.98999,357.270752,49455300
12/31/2020,371.779999,374.660004,371.230011,373.880005,359.086029,78520700
1/4/2021,375.309998,375.450012,364.820007,368.790009,354.197449,110210800
1/5/2021,368.100006,372.5,368.049988,371.329987,356.636902,66426200
1/6/2021,369.709991,376.980011,369.119995,373.549988,358.769043,107997700
1/7/2021,376.100006,379.899994,375.910004,379.100006,364.099457,68766800
1/8/2021,380.589996,381.48999,377.100006,381.26001,366.173981,71677200
1/11/2021,377.850006,380.579987,377.720001,378.690002,363.705658,51034700
1/12/2021,378.890015,379.859985,376.359985,378.769989,363.782471,52547700
1/13/2021,378.690002,380.859985,377.850006,379.790009,364.762146,45303600
1/14/2021,380.589996,381.130005,378.100006,378.459991,363.484711,49989100
1/15/2021,376.720001,377.579987,373.700012,375.700012,360.833954,107160000
1/19/2021,378.339996,379.230011,376.75,378.649994,363.667297,51233300
1/20/2021,381.109985,384.790009,380.690002,383.890015,368.69989,61836100
1/21/2021,384.48999,384.950012,383.25,384.23999,369.036072,47840100
1/22/2021,382.25,384.130005,381.839996,382.880005,367.729889,52860500
1/25/2021,383.670013,384.769989,378.459991,384.390015,369.180145,70402000
1/26/2021,385.410004,385.850006,383.540009,383.790009,368.603912,42665300
1/27/2021,380.220001,380.320007,372.01001,374.410004,359.595062,123351100
1/28/2021,376.359985,381.929993,375.890015,377.630005,362.687622,94198100
1/29/2021,375.630005,376.670013,368.269989,370.070007,355.426788,126765100
2/1/2021,373.720001,377.339996,370.380005,376.230011,361.343048,75817600
2/2/2021,379.649994,383.220001,376.320007,381.549988,366.452454,64450700
2/3/2021,382.440002,383.700012,380.480011,381.850006,366.740662,52427100
2/4/2021,382.959991,386.23999,381.970001,386.190002,370.908936,47142600
2/5/2021,388.200012,388.470001,386.140015,387.709991,372.368774,48669800
2/8/2021,389.269989,390.559998,388.350006,390.51001,375.058044,38365200
2/9/2021,389.609985,390.890015,389.170013,390.25,374.808258,35551100
2/10/2021,392.119995,392.279999,387.5,390.079987,374.644958,59154400
2/11/2021,391.23999,391.690002,388.100006,390.709991,375.25,42913300
2/12/2021,389.850006,392.899994,389.769989,392.640015,377.10376,50593300
2/16/2021,393.959991,394.170013,391.529999,392.299988,376.777161,50972400
2/17/2021,390.420013,392.660004,389.329987,392.390015,376.863586,52290600
2/18/2021,389.589996,391.519989,387.73999,390.720001,375.259674,59712800
2/19/2021,392.070007,392.380005,389.549988,390.029999,374.596985,83241000
2/22/2021,387.059998,389.619995,386.73999,387.029999,371.715637,67414200
2/23/2021,384.660004,388.950012,380.200012,387.5,372.167084,107284100
2/24/2021,386.329987,392.230011,385.269989,391.769989,376.268127,72433900
2/25/2021,390.410004,391.880005,380.779999,382.329987,367.201691,146670500
2/26/2021,384.350006,385.579987,378.230011,380.359985,365.30957,152701600
3/1/2021,385.589996,390.920013,380.570007,389.579987,374.164734,105348800
3/2/2021,389.820007,390.070007,386,386.540009,371.245056,79595300
3/3/2021,385.790009,386.829987,381.309998,381.420013,366.327637,119940200
3/4/2021,381.220001,384,371.880005,376.700012,361.794403,183433000
3/5/2021,380.459991,384.76001,372.640015,383.630005,368.450195,152039600
3/8/2021,384.660004,387.679993,381.420013,381.720001,366.615784,123149200
3/9/2021,385.850006,389.910004,385.309998,387.170013,371.850159,113633600
3/10/2021,389.690002,391.399994,388.170013,389.579987,374.164734,109899400
3/11/2021,392.230011,395.649994,391.73999,393.529999,377.958435,86245000
3/12/2021,392.070007,394.209991,391.200012,394.059998,378.467468,64653600
3/15/2021,394.329987,396.690002,392.029999,396.410004,380.724487,73427200
3/16/2021,397.070007,397.829987,395.079987,395.910004,380.244324,73722500
3/17/2021,394.529999,398.119995,393.299988,397.26001,381.540894,97959300
3/18/2021,394.480011,396.720001,390.75,391.480011,375.989594,115349100
3/19/2021,389.880005,391.570007,387.149994,389.480011,375.293884,113624500
3/22/2021,390.029999,394.070007,389.970001,392.589996,378.290619,73778600
3/23/2021,391.910004,393.459991,388.660004,389.5,375.313202,90686600
3/24/2021,391,392.75,387.470001,387.519989,373.405243,97588600
3/25/2021,385.980011,390.549988,383.899994,389.700012,375.50589,116128600
3/26/2021,390.929993,396.410004,390.290009,395.980011,381.557129,114409100
3/29/2021,394.399994,396.75,392.809998,395.779999,381.36441,108107600
3/30/2021,394.420013,395.450012,393.019989,394.730011,380.352631,76262200
3/31/2021,395.339996,398,395.309998,396.329987,381.894379,112734200
4/1/2021,398.399994,400.670013,398.179993,400.609985,386.018494,99682900
4/5/2021,403.459991,406.940002,403.380005,406.359985,391.559021,91684800
4/6/2021,405.76001,407.23999,405.399994,406.119995,391.32782,62021000
4/7/2021,405.940002,406.959991,405.450012,406.589996,391.780701,55836300
4/8/2021,407.929993,408.579987,406.929993,408.519989,393.640381,57863100
4/9/2021,408.390015,411.670013,408.26001,411.48999,396.502228,61104600
4/12/2021,410.850006,411.929993,410.200012,411.640015,396.646729,56704900
4/13/2021,411.529999,413.529999,411.119995,412.859985,397.822327,56551000
4/14/2021,412.829987,413.959991,410.869995,411.450012,396.463654,61659900
4/15/2021,413.73999,416.160004,413.690002,415.869995,400.722656,60229800
4/16/2021,417.25,417.910004,415.730011,417.26001,402.062073,82037300
4/19/2021,416.26001,416.73999,413.790009,415.209991,400.086731,78498500
4/20/2021,413.910004,415.089996,410.589996,412.170013,397.15744,81851800
4/21/2021,411.51001,416.290009,411.359985,416.070007,400.915375,66793000
4/22/2021,415.890015,416.779999,411.130005,412.269989,397.253784,97582800
4/23/2021,412.869995,418.25,412.790009,416.73999,401.560974,73209200
4/26/2021,417.440002,418.220001,416.809998,417.609985,402.399292,52182400
4/27/2021,417.929993,418.140015,416.299988,417.519989,402.312592,51303100
4/28/2021,417.809998,419.01001,416.899994,417.399994,402.19693,51238900
4/29/2021,420.320007,420.720001,416.440002,420.059998,404.76004,78544300
4/30/2021,417.630005,418.540009,416.339996,417.299988,402.100586,85527000
5/3/2021,419.429993,419.839996,417.670013,418.200012,402.967834,68128300
5/4/2021,416.070007,416.600006,411.670013,415.619995,400.481781,101591200
5/5/2021,417.380005,417.630005,415.149994,415.75,400.606995,60162200
5/6/2021,415.829987,419.209991,413.679993,419.070007,403.806152,74321400
5/7/2021,419.890015,422.820007,419.160004,422.119995,406.745026,67733800
5/10/2021,422.5,422.73999,417.809998,417.940002,402.717255,81852400
5/11/2021,413.100006,415.269989,410.059998,414.209991,399.123138,116888000
5/12/2021,411.230011,412.589996,404,405.410004,390.643646,134811000
5/13/2021,407.070007,412.350006,407.019989,410.279999,395.336334,106394000
5/14/2021,413.209991,417.48999,413.179993,416.579987,401.40683,82201600
5/17/2021,415.390015,416.390015,413.359985,415.519989,400.385406,65129200
5/18/2021,415.799988,416.059998,411.769989,411.940002,396.935822,59810200
5/19/2021,406.920013,411.049988,405.329987,410.859985,395.895172,106467100
5/20/2021,411.799988,416.630005,411.670013,415.279999,400.154144,78022200
5/21/2021,416.869995,418.200012,414.450012,414.940002,399.826599,76578700
5/24/2021,417.339996,420.320007,417.079987,419.170013,403.902527,51376700
5/25/2021,420.329987,420.709991,417.619995,418.23999,403.006317,57451400
5/26/2021,418.869995,419.609985,417.76001,419.070007,403.806152,43088600
5/27/2021,420.170013,420.720001,418.98999,419.290009,404.018127,56707700
5/28/2021,420.970001,421.25,419.790009,420.040009,404.740875,58520200
6/1/2021,422.570007,422.720001,419.200012,419.670013,404.384277,54216600
6/2/2021,420.369995,421.230011,419.290009,420.329987,405.020203,49097100
6/3/2021,417.850006,419.98999,416.279999,418.769989,403.517059,58138800
6/4/2021,420.75,422.920013,418.839996,422.600006,407.20752,55938800
6/7/2021,422.589996,422.779999,421.190002,422.190002,406.8125,51555000
6/8/2021,423.109985,423.209991,420.320007,422.279999,406.899231,47134300
6/9/2021,423.179993,423.26001,421.410004,421.649994,406.292114,48436300
6/10/2021,422.959991,424.630005,421.549988,423.609985,408.180725,51020100
6/11/2021,424.200012,424.429993,422.820007,424.309998,408.855255,45570800
6/14/2021,424.429993,425.369995,423.100006,425.26001,409.77063,42358500
6/15/2021,425.420013,425.459991,423.540009,424.480011,409.019104,51508500
6/16/2021,424.630005,424.869995,419.920013,422.109985,406.735352,80386100
6/17/2021,421.670013,423.019989,419.320007,421.970001,406.600464,90949700
6/18/2021,417.089996,417.829987,414.700012,414.920013,401.115295,118676300
6/21/2021,416.799988,421.059998,415.929993,420.859985,406.857666,72822000
6/22/2021,420.850006,424,420.079987,423.109985,409.032745,57700300
6/23/2021,423.190002,424.049988,422.51001,422.600006,408.539764,49445400
6/24/2021,424.890015,425.549988,424.619995,425.100006,410.956635,45110300
6/25/2021,425.899994,427.089996,425.549988,426.609985,412.416351,58129500
6/28/2021,427.170013,427.649994,425.890015,427.470001,413.247711,53159600
6/29/2021,427.880005,428.559998,427.130005,427.700012,413.470093,35970500
6/30/2021,427.209991,428.779999,427.179993,428.059998,413.818085,64827900
7/1/2021,428.869995,430.600006,428.799988,430.429993,416.109253,53441000
7/2/2021,431.670013,434.100006,430.519989,433.720001,419.289764,57697700
7/6/2021,433.779999,434.01001,430.01001,432.929993,418.526123,68710400
7/7/2021,433.660004,434.76001,431.51001,434.459991,420.005127,63549500
7/8/2021,428.779999,431.730011,427.519989,430.920013,416.582947,97595200
7/9/2021,432.529999,435.839996,430.709991,435.519989,421.029907,76238600
7/12/2021,435.429993,437.350006,434.970001,437.079987,422.537994,52889600
7/13/2021,436.23999,437.839996,435.309998,435.589996,421.097565,52911300
7/14/2021,437.399994,437.920013,434.910004,436.23999,421.725922,64130400
7/15/2021,434.809998,435.529999,432.720001,434.75,420.285522,55126400
7/16/2021,436.01001,436.059998,430.920013,431.339996,416.988922,75874700
7/19/2021,426.190002,431.410004,421.970001,424.970001,410.830933,147987000
7/20/2021,425.679993,432.420013,424.829987,431.059998,416.718262,99608200
7/21/2021,432.339996,434.700012,431.01001,434.549988,420.092194,64724400
7/22/2021,434.73999,435.720001,433.690002,435.459991,420.971893,47878500
7/23/2021,437.519989,440.299988,436.790009,439.940002,425.302856,63766600
7/26/2021,439.309998,441.029999,439.26001,441.019989,426.346893,43719200
7/27/2021,439.910004,439.940002,435.98999,439.01001,424.403778,67397100
7/28/2021,439.679993,440.299988,437.309998,438.829987,424.229736,52472400
7/29/2021,439.820007,441.799988,439.809998,440.649994,425.989227,47435300
7/30/2021,437.910004,440.059998,437.769989,438.51001,423.920441,68951200
8/2/2021,440.339996,440.929993,437.209991,437.589996,423.030975,58783300
8/3/2021,438.440002,441.279999,436.100006,441.149994,426.472595,58053900
8/4/2021,439.779999,441.119995,438.730011,438.980011,424.374817,46732200
8/5/2021,440.220001,441.850006,439.880005,441.76001,427.062347,38969700
8/6/2021,442.100006,442.940002,441.799988,442.48999,427.767944,46930000
8/9/2021,442.459991,442.799988,441.309998,442.130005,427.420044,41222600
8/10/2021,442.609985,443.440002,441.880005,442.679993,427.95166,43339300
8/11/2021,443.820007,443.880005,442.619995,443.779999,429.015106,44034300
8/12/2021,443.619995,445.26001,442.660004,445.109985,430.300812,38909400
8/13/2021,445.589996,445.940002,445.070007,445.920013,431.083923,39470300
8/16/2021,444.529999,447.109985,442.869995,446.970001,432.098969,73740000
8/17/2021,444.23999,444.959991,440.850006,444.040009,429.266479,92673900
8/18/2021,442.959991,444.630005,438.920013,439.179993,424.568146,89351900
8/19/2021,436.269989,441.140015,436.119995,439.859985,425.225464,92812200
8/20/2021,440.230011,443.709991,439.709991,443.359985,428.60907,72008700
8/23/2021,445.160004,448.230011,443.440002,447.26001,432.379333,54973000
8/24/2021,447.970001,448.540009,447.420013,447.970001,433.065674,38744700
8/25/2021,448.170013,449.459991,447.769989,448.910004,433.974396,40529700
8/26/2021,448.609985,448.859985,446.160004,446.26001,431.412598,57829600
8/27/2021,447.119995,450.649994,447.059998,450.25,435.269806,77235100
8/30/2021,450.970001,453.070007,450.709991,452.230011,437.18396,48357400
8/31/2021,452.130005,452.48999,450.920013,451.559998,436.536255,59300200
9/1/2021,452.559998,453.109985,451.549988,451.799988,436.76828,48721400
9/2/2021,453.320007,454.049988,451.910004,453.190002,438.112,42501000
9/3/2021,451.980011,453.630005,451.549988,453.079987,438.005646,47170500
9/7/2021,452.709991,452.809998,450.73999,451.459991,436.439575,51671500
9/8/2021,450.890015,451.670013,448.859985,450.910004,435.907867,56181900
9/9/2021,450.700012,452.570007,448.720001,448.980011,434.042114,57970400
9/10/2021,451.040009,451.48999,445.309998,445.440002,430.619843,89948200
9/13/2021,448.640015,448.920013,444.109985,446.579987,431.721893,83738600
9/14/2021,448.119995,448.339996,443.220001,444.170013,429.39212,78197100
9/15/2021,444.619995,448.410004,443.440002,447.880005,432.978668,78792200
9/16/2021,447.320007,448.359985,444.019989,447.170013,432.292328,77786700
9/17/2021,444.920013,445.369995,441.019989,441.399994,428.081268,118425000
9/20/2021,434.880005,436.559998,428.859985,434.040009,420.94342,166445500
9/21/2021,436.529999,437.910004,433.070007,433.630005,420.545776,92526100
9/22/2021,436.049988,440.029999,433.75,437.859985,424.648163,102350100
9/23/2021,439.850006,444.890015,439.600006,443.179993,429.807648,76396000
9/24/2021,441.440002,444.670013,441.209991,443.910004,430.515594,62094800
9/27/2021,442.809998,444.049988,441.899994,442.640015,429.283936,61371100
9/28/2021,439.690002,440.040009,432.940002,433.720001,420.633057,130436300
9/29/2021,435.190002,437.040009,433.850006,434.450012,421.341003,82329200
9/30/2021,436.019989,436.769989,428.779999,429.140015,416.191284,140506000
10/1/2021,430.980011,436.029999,427.230011,434.23999,421.137329,129240100
10/4/2021,433,433.959991,426.359985,428.640015,415.706329,128570000
10/5/2021,430.23999,435.48999,429.390015,433.100006,420.031799,90682500
10/6/2021,429.269989,435.119995,427.540009,434.899994,421.777435,113032200
10/7/2021,438.390015,441.679993,438.200012,438.660004,425.423981,72437500
10/8/2021,439.480011,439.890015,437.190002,437.859985,424.648163,74557400
10/11/2021,437.160004,440.26001,434.619995,434.690002,421.573822,65233300
10/12/2021,435.670013,436.100006,432.779999,433.619995,420.536072,71181200
10/13/2021,434.709991,436.049988,431.540009,435.179993,422.049011,72974000
10/14/2021,439.079987,442.660004,438.579987,442.5,429.148163,70236800
10/15/2021,444.75,446.26001,444.089996,445.869995,432.416443,66260200
10/18/2021,443.970001,447.549988,443.269989,447.190002,433.696594,62213200
10/19/2021,448.920013,450.709991,448.269989,450.640015,437.042542,46996800
10/20/2021,451.130005,452.730011,451.01001,452.410004,438.759094,49571600
10/21/2021,451.769989,453.829987,451.309998,453.589996,439.903503,41305400
10/22/2021,453.130005,454.670013,451.049988,453.119995,439.447693,58845100
10/25/2021,454.279999,455.899994,452.390015,455.549988,441.804352,45214500
10/26/2021,457.200012,458.48999,455.559998,455.959991,442.201996,56075100
10/27/2021,456.450012,457.160004,453.859985,453.940002,440.24292,72438000
10/28/2021,455.459991,458.399994,455.450012,458.320007,444.490784,51437900
10/29/2021,455.869995,459.559998,455.559998,459.25,445.3927,70162400
11/1/2021,460.299988,460.700012,458.200012,460.040009,446.158875,48433600
11/2/2021,460.220001,462.230011,460.079987,461.899994,447.962769,48908400
11/3/2021,461.299988,465.149994,460.829987,464.720001,450.697662,52509800
11/4/2021,465.359985,467,464.98999,466.910004,452.821594,52847100
11/5/2021,469.279999,470.649994,466.920013,468.529999,454.392731,66390600
11/8/2021,469.700012,470.230011,468.200012,468.929993,454.780609,50405200
11/9/2021,469.320007,469.570007,465.880005,467.380005,453.277405,51149100
11/10/2021,465.579987,467.380005,462.040009,463.619995,449.630829,69429700
11/11/2021,465.209991,465.290009,463.75,463.769989,449.776337,34848500
11/12/2021,465.119995,467.859985,464.109985,467.269989,453.170746,53466700
11/15/2021,468.640015,468.809998,466.230011,467.429993,453.325836,46980500
11/16/2021,467.149994,470.48999,467.070007,469.279999,455.120056,48857500
11/17/2021,469,469.190002,467.480011,468.140015,454.014496,47858300
11/18/2021,469.23999,470.01001,466.339996,469.730011,455.556488,50625600
11/19/2021,469.609985,470.940002,468.5,468.890015,454.741882,57315600
11/22/2021,470.890015,473.540009,467.350006,467.570007,453.461731,72762000
11/23/2021,467.220001,469.100006,464.450012,468.190002,454.062927,73206500
11/24/2021,466.059998,469.570007,465.190002,469.440002,455.275238,61858800
11/26/2021,462.339996,463.899994,457.769989,458.970001,445.121216,112669600
11/29/2021,464.070007,466.559998,461.730011,464.600006,450.581299,86268800
11/30/2021,462,464.029999,455.299988,455.559998,441.814056,148559600
12/1/2021,461.640015,464.670013,450.290009,450.5,436.906708,131939200
12/2/2021,450.730011,459.070007,450.309998,457.399994,443.598511,127637800
12/3/2021,459.170013,460.299988,448.920013,453.420013,439.738647,137331600
12/6/2021,456.130005,460.790009,453.559998,458.790009,444.946594,98977500
12/7/2021,464.410004,468.880005,458.649994,468.279999,454.150269,95484700
12/8/2021,468.700012,470,466.829987,469.519989,455.352783,72238800
12/9/2021,468.149994,469.630005,466.140015,466.350006,452.278473,61272600
12/10/2021,469.230011,470.899994,466.51001,470.73999,456.53598,77159800
12/13/2021,470.190002,470.559998,466.269989,466.570007,452.491852,87724700
12/14/2021,463.089996,465.73999,460.25,463.359985,449.378662,97264100
12/15/2021,463.420013,470.859985,460.73999,470.600006,456.400299,116899300
12/16/2021,472.570007,472.869995,464.799988,466.450012,452.375519,116568600
12/17/2021,461.549988,464.73999,458.059998,459.869995,447.560944,135511600
12/20/2021,454.480011,455.399994,451.140015,454.980011,442.801819,107134800
12/21/2021,458.609985,463.209991,456.309998,463.059998,450.665527,69806300
12/22/2021,462.790009,467.809998,462.579987,467.690002,455.17157,58890200
12/23/2021,468.75,472.190002,468.640015,470.600006,458.003723,56439700
12/27/2021,472.059998,477.309998,472.01001,477.26001,464.485413,56808600
12/28/2021,477.720001,478.809998,476.059998,476.869995,464.105865,47274600
12/29/2021,476.980011,478.559998,475.920013,477.480011,464.699554,54503000
12/30/2021,477.929993,479,475.670013,476.160004,463.414856,55329000
12/31/2021,475.640015,476.859985,474.670013,474.959991,462.246979,65237400
1/3/2022,476.299988,477.850006,473.850006,477.709991,464.923401,72668200
1/4/2022,479.220001,479.980011,475.579987,477.549988,464.76767,71178700
1/5/2022,477.160004,477.980011,468.279999,468.380005,455.843079,104538900
1/6/2022,467.890015,470.820007,465.429993,467.940002,455.414917,86858900
1/7/2022,467.950012,469.200012,464.649994,466.089996,453.614441,85111600
1/10/2022,462.700012,465.73999,456.600006,465.51001,453.049927,119362000
1/11/2022,465.230011,469.850006,462.049988,469.75,457.176453,74303100
1/12/2022,471.589996,473.200012,468.940002,471.019989,458.412445,67605400
1/13/2022,472.190002,472.880005,463.440002,464.529999,452.096161,91173100
1/14/2022,461.190002,465.089996,459.899994,464.720001,452.281067,95890900
1/18/2022,459.73999,459.959991,455.309998,456.48999,444.271332,109709100
1/19/2022,458.130005,459.609985,451.459991,451.75,439.658234,109357600
1/20/2022,453.75,458.73999,444.5,446.75,434.792053,122379700
1/21/2022,445.559998,448.059998,437.950012,437.980011,426.256836,202271200
1/24/2022,432.029999,440.380005,420.76001,439.839996,428.067047,251783900
1/25/2022,433.059998,439.720001,427.149994,434.470001,422.84079,167997300
1/26/2022,440.720001,444.040009,428.859985,433.380005,421.779968,186391100
1/27/2022,438.26001,441.589996,429.450012,431.23999,419.697205,149878300
1/28/2022,432.679993,442,427.820007,441.950012,430.120575,164457400
1/31/2022,441.23999,450.279999,439.809998,449.910004,437.867462,152251400
2/1/2022,450.679993,453.630005,446.940002,452.950012,440.826141,123155400
2/2/2022,455.5,458.119995,453.049988,457.350006,445.108368,117361000
2/3/2022,450.950012,452.970001,445.709991,446.600006,434.646088,118024400
2/4/2022,446.350006,452.779999,443.829987,448.700012,436.68988,118454400
2/7/2022,449.51001,450.98999,445.850006,447.26001,435.288452,84472900
2/8/2022,446.730011,451.920013,445.220001,450.940002,438.869934,81012000
2/9/2022,455.220001,457.880005,455.01001,457.540009,445.293274,92589900
2/10/2022,451.339996,457.709991,447.200012,449.320007,437.293274,140103700
2/11/2022,449.410004,451.609985,438.940002,440.459991,428.670441,153214600
2/14/2022,439.920013,441.600006,435.339996,439.019989,427.268951,123006300
2/15/2022,443.730011,446.279999,443.179993,446.100006,434.159485,88482700
2/16/2022,443.929993,448.059998,441.940002,446.600006,434.646088,84863600
2/17/2022,443.220001,446.570007,436.420013,437.059998,425.36142,102259100
2/18/2022,437.329987,438.660004,431.820007,434.230011,422.607208,132642900
2/22/2022,431.890015,435.5,425.859985,429.570007,418.071899,124391800
2/23/2022,432.660004,433.26001,421.350006,421.950012,410.655914,132578000
2/24/2022,411.019989,428.76001,410.640015,428.299988,416.835938,213942900
2/25/2022,429.609985,437.839996,427.859985,437.75,426.032959,121804500
2/28/2022,432.029999,438.200012,430.700012,436.630005,424.942963,145615000
3/1/2022,435.040009,437.170013,427.109985,429.980011,418.470947,137785900
3/2/2022,432.369995,439.720001,431.570007,437.890015,426.169281,117726500
3/3/2022,440.470001,441.109985,433.799988,435.709991,424.047607,105501700
3/4/2022,431.75,433.369995,427.880005,432.170013,420.602356,113978200
3/7/2022,431.549988,432.299988,419.359985,419.429993,408.203369,137896600
3/8/2022,419.619995,427.209991,415.119995,416.25,405.108459,164772700
3/9/2022,425.140015,429.51001,422.820007,427.410004,415.969757,116990800
3/10/2022,422.519989,426.429993,420.440002,425.480011,414.0914,93972700
3/11/2022,428.119995,428.769989,419.529999,420.070007,408.826172,95636300
3/14/2022,420.890015,424.549988,415.790009,417,405.838348,95729200
3/15/2022,419.769989,426.839996,418.420013,426.170013,414.762909,106219100
3/16/2022,429.890015,435.679993,424.799988,435.619995,423.959991,144954800
3/17/2022,433.589996,441.070007,433.190002,441.070007,429.26413,102676900
3/18/2022,438,444.859985,437.220001,444.519989,433.965759,106345500
3/21/2022,444.339996,446.459991,440.679993,444.390015,433.838867,88349800
3/22/2022,445.859985,450.579987,445.859985,449.589996,438.915375,74650400
3/23/2022,446.910004,448.48999,443.709991,443.799988,433.262817,79426100
3/24/2022,445.940002,450.5,444.76001,450.48999,439.794006,64736900
3/25/2022,451.160004,452.980011,448.429993,452.690002,441.941772,77101300
3/28/2022,452.059998,455.910004,450.059998,455.910004,445.085327,68529800
3/29/2022,460.019989,462.070007,457.179993,461.549988,450.5914,86581500
3/30/2022,460.339996,461.200012,456.470001,458.700012,447.809082,79666900
3/31/2022,457.890015,458.76001,451.160004,451.640015,440.916748,121699900
4/1/2022,453.309998,453.459991,449.140015,452.920013,442.166321,89048800
4/4/2022,453.130005,456.910004,452.26001,456.799988,445.954193,59601000
4/5/2022,455.220001,457.829987,449.820007,451.029999,440.321198,74214500
4/6/2022,446.890015,448.929993,443.470001,446.519989,435.918243,106898000
4/7/2022,445.589996,450.690002,443.529999,448.769989,438.114838,78097200
4/8/2022,447.970001,450.630005,445.940002,447.570007,436.943329,79272700
4/11/2022,444.109985,445,439.390015,439.920013,429.474976,89770500
4/12/2022,443.079987,445.75,436.649994,438.290009,427.883698,84363600
4/13/2022,438.029999,444.109985,437.839996,443.309998,432.784485,74070400
4/14/2022,443.549988,444.730011,437.679993,437.790009,427.395508,97869500
4/18/2022,436.809998,439.75,435.609985,437.970001,427.571259,66002500
4/19/2022,437.859985,445.799988,437.679993,445.040009,434.473419,77821000
4/20/2022,446.920013,447.570007,443.480011,444.709991,434.151215,65224400
4/21/2022,448.540009,450.01001,437.100006,438.059998,427.659149,85417300
4/22/2022,436.910004,438.079987,425.440002,426.040009,415.92453,132471800
4/25/2022,423.670013,428.690002,418.839996,428.51001,418.335907,119647700
4/26/2022,425.829987,426.040009,416.070007,416.100006,406.220581,103996300
4/27/2022,417.23999,422.920013,415.01001,417.269989,407.362793,122030000
4/28/2022,422.290009,429.640015,417.600006,427.809998,417.652496,105449100
4/29/2022,423.589996,425.869995,411.209991,412,402.217865,145491100
5/2/2022,412.070007,415.920013,405.019989,414.480011,404.638977,158312500
5/3/2022,415.01001,418.929993,413.359985,416.380005,406.493927,100028200
5/4/2022,417.079987,429.660004,413.709991,429.059998,418.872864,144247900
5/5/2022,424.549988,425,409.440002,413.809998,403.984924,172929100
5/6/2022,411.100006,414.799988,405.730011,411.339996,401.573547,151770800
5/9/2022,405.100006,406.410004,396.5,398.170013,388.716217,155586100
5/10/2022,404.48999,406.079987,394.820007,399.089996,389.61441,132497200
5/11/2022,398.070007,404.040009,391.959991,392.75,383.424957,142361000
5/12/2022,389.369995,395.799988,385.149994,392.339996,383.024658,125090800
5/13/2022,396.709991,403.179993,395.609985,401.720001,392.181976,104174400
5/16/2022,399.980011,403.970001,397.600006,400.089996,390.590637,78622400
5/17/2022,406.529999,408.570007,402.579987,408.320007,398.625275,83029700
5/18/2022,403.5,403.799988,390.549988,391.859985,382.556061,117674500
5/19/2022,388.619995,394.140015,387.109985,389.459991,380.213013,98510700
5/20/2022,393.25,397.029999,380.540009,389.630005,380.378998,131432200
5/23/2022,392.829987,397.730011,390.380005,396.920013,387.495941,76414900
5/24/2022,392.559998,395.149994,386.959991,393.890015,384.537872,91448800
5/25/2022,392.309998,399.450012,391.890015,397.369995,387.935242,91472900
5/26/2022,398.670013,407.040009,398.450012,405.309998,395.686707,82168300
5/27/2022,407.910004,415.380005,407.700012,415.26001,405.400482,84768700
5/31/2022,413.549988,416.459991,410.029999,412.929993,403.125793,95937000
6/1/2022,415.170013,416.23999,406.929993,409.589996,399.865112,86585800
6/2/2022,409.420013,417.440002,407.040009,417.390015,407.47995,79609600
6/3/2022,412.399994,414.040009,409.51001,410.540009,400.792542,71874300
6/6/2022,414.779999,416.609985,410.549988,411.790009,402.012878,57508900
6/7/2022,408.100006,416.220001,407.609985,415.73999,405.86908,59272400
6/8/2022,413.929993,415.820007,410.380005,411.220001,401.456451,64350000
6/9/2022,409.339996,411.73999,401.440002,401.440002,391.9086,86289800
6/10/2022,394.880005,395.779999,389.75,389.799988,380.544922,132893900
6/13/2022,379.850006,381.809998,373.299988,375,366.096375,170004900
6/14/2022,376.850006,377.940002,370.589996,373.869995,364.993195,104011800
6/15/2022,377.359985,383.899994,372.119995,379.200012,370.196686,125666800
6/16/2022,370.51001,370.940002,364.079987,366.649994,357.944641,134473300
6/17/2022,365.51001,369.380005,362.170013,365.859985,358.716248,111113900
6/21/2022,371.890015,376.529999,371.809998,375.070007,367.746429,76811900
6/22/2022,370.619995,378.720001,370.179993,374.390015,367.079742,90059400
6/23/2022,376.640015,378.829987,372.890015,378.059998,370.67804,79292100
6/24/2022,381.399994,390.089996,381.369995,390.079987,382.463348,98050300
6/27/2022,391.049988,391.359985,387.440002,388.589996,381.002411,66009600
6/28/2022,390.230011,393.160004,380.529999,380.649994,373.217468,86548900
6/29/2022,381.230011,382.269989,378.420013,380.339996,372.913544,65676000
6/30/2022,376.23999,380.660004,372.559998,377.25,369.88385,112508300
7/1/2022,376.559998,381.700012,373.799988,381.23999,373.79599,74839700
7/5/2022,375.880005,381.980011,372.899994,381.959991,374.501892,81438000
7/6/2022,382.109985,385.869995,379.600006,383.25,375.766724,70426200
7/7/2022,385.119995,389.829987,383.269989,388.98999,381.394623,64525900
7/8/2022,387.269989,390.640015,385.660004,388.670013,381.080902,72397800
7/11/2022,385.850006,386.869995,383.5,384.230011,376.7276,58366900
7/12/2022,383.649994,386.160004,378.98999,380.829987,373.393951,62219200
7/13/2022,375.100006,381.920013,374.660004,378.829987,371.432983,84224600
7/14/2022,373.609985,379.049988,371.040009,377.910004,370.530975,89704800
7/15/2022,382.549988,385.25,380.540009,385.130005,377.610016,79060400
7/18/2022,388.380005,389.089996,380.660004,381.950012,374.492096,63203600
7/19/2022,386.079987,392.869995,385.390015,392.269989,384.610535,78506000
7/20/2022,392.470001,396.26001,391.029999,394.769989,387.061768,71843800
7/21/2022,394.160004,398.839996,391.630005,398.790009,391.003296,64903900
7/22/2022,398.920013,400.179993,392.75,395.089996,387.375519,72197300
7/25/2022,395.75,396.470001,393.209991,395.570007,387.84613,53631500
7/26/2022,393.839996,394.059998,389.950012,390.890015,383.257538,52946400
7/27/2022,394.359985,402.880005,394.049988,401.040009,393.209381,82342100
7/28/2022,401.890015,406.799988,398.149994,406.070007,398.141144,73966600
7/29/2022,407.579987,413.029999,406.769989,411.98999,403.945526,87003700
8/1/2022,409.149994,413.410004,408.399994,410.769989,402.749359,69997500
8/2/2022,409.119995,413,406.820007,408.059998,400.092255,63435400
8/3/2022,410.299988,415.679993,410,414.450012,406.357513,67820600
8/4/2022,414.369995,415.089996,412.440002,414.170013,406.082977,45656600
8/5/2022,409.660004,414.149994,409.600006,413.470001,405.396637,56814900
8/8/2022,415.25,417.619995,411.829987,412.98999,404.925995,53886100
8/9/2022,412.220001,412.75,410.220001,411.350006,403.318024,44931800
8/10/2022,418.779999,420.140015,416.720001,419.98999,411.789307,68665700
8/11/2022,422.98999,424.950012,419.209991,419.98999,411.789307,59489700
8/12/2022,422.029999,427.209991,421.029999,427.100006,418.760498,61694500
8/15/2022,424.769989,429.410004,424.709991,428.859985,420.486115,54048300
8/16/2022,427.730011,431.730011,426.880005,429.700012,421.309723,59289000
8/17/2022,425.910004,429.5,424.540009,426.649994,418.319244,63563400
8/18/2022,426.859985,428.609985,425.5,427.890015,419.535095,49023200
8/19/2022,424.980011,425.26001,421.220001,422.140015,413.897339,68016900
8/22/2022,417.049988,417.230011,412.399994,413.350006,405.278961,77695600
8/23/2022,412.899994,415.420013,411.769989,412.350006,404.298523,49105200
8/24/2022,412.109985,415.109985,411.390015,413.670013,405.592743,49177800
8/25/2022,415.23999,419.559998,414.089996,419.51001,411.318695,50942300
8/26/2022,419.390015,419.959991,405.25,405.309998,397.395966,103087000
8/29/2022,402.200012,405.839996,401.200012,402.630005,394.768311,65370800
8/30/2022,403.850006,404.100006,396,398.209991,390.43457,85652400
8/31/2022,399.929993,401.23999,395.040009,395.179993,387.463745,76029700
9/1/2022,392.890015,396.779999,390.040009,396.420013,388.679565,78740100
9/2/2022,400.279999,401.559998,390.329987,392.23999,384.581146,99632100
9/6/2022,393.130005,394.119995,388.420013,390.76001,383.130066,76637400
9/7/2022,390.429993,398.589996,390.200012,397.779999,390.013,70964200
9/8/2022,395.390015,400.859985,394.119995,400.380005,392.562195,80821700
9/9/2022,402.73999,407.51001,402.459991,406.600006,398.660767,76706900
9/12/2022,408.779999,411.730011,408.459991,410.970001,402.945435,69256300
9/13/2022,401.829987,403.100006,391.920013,393.100006,385.424377,122947100
9/14/2022,394.470001,396.200012,391.119995,394.600006,386.895081,85023700
9/15/2022,392.959991,395.959991,388.779999,390.119995,382.502594,87633800
9/16/2022,384.140015,386.25,382.109985,385.559998,379.584473,103084800
9/19/2022,382.26001,388.549988,382.179993,388.549988,382.528168,73278500
9/20/2022,385.059998,386.119995,381.200012,384.089996,378.137299,77274900
9/21/2022,386.109985,389.309998,377.380005,377.390015,371.541107,106746600
9/22/2022,376.579987,378.299988,373.440002,374.220001,368.420258,89472600
9/23/2022,370.579987,370.619995,363.290009,367.950012,362.247406,122346900
9/26/2022,366.410004,370.209991,363.029999,364.309998,358.663818,92581200
9/27/2022,368.019989,370.399994,360.869995,363.380005,357.74826,108294100
9/28/2022,364.380005,372.299988,362.600006,370.529999,364.787415,110802200
9/29/2022,366.809998,367.109985,359.700012,362.790009,357.167419,112952300
9/30/2022,361.799988,365.910004,357.040009,357.179993,351.644318,153711200
10/3/2022,361.079987,368.549988,359.209991,366.609985,360.928162,89756500
10/4/2022,372.399994,378,366.570007,377.970001,372.112152,103602800
10/5/2022,373.390015,379.459991,370.950012,377.089996,371.245789,88065700
10/6/2022,375.619995,378.720001,372.679993,373.200012,367.416046,82333500
10/7/2022,368.970001,373.290009,360.940002,362.790009,357.167419,107789500
10/10/2022,363.959991,364.209991,357.670013,360.019989,354.440308,76042800
10/11/2022,358.23999,363.029999,355.709991,357.73999,352.195648,92482800
10/12/2022,358.170013,359.820007,356.299988,356.559998,351.033905,76991800
10/13/2022,349.209991,367.51001,348.109985,365.970001,360.298126,147254500
10/14/2022,368.549988,370.26001,356.959991,357.630005,352.087372,123737000
10/17/2022,364.01001,367.980011,357.279999,366.820007,361.134949,93168200
10/18/2022,375.130005,375.450012,367.519989,371.130005,365.378143,97162900
10/19/2022,368.98999,371.850006,365.549988,368.5,362.788879,79746900
10/20/2022,368.029999,372.670013,364.609985,365.410004,359.746796,88283100
10/21/2022,365.119995,374.799988,363.540009,374.290009,368.489166,131038400
10/24/2022,375.890015,380.059998,373.109985,378.869995,372.998199,85436900
10/25/2022,378.790009,385.25,378.670013,384.920013,378.954437,78846300
10/26/2022,381.619995,387.579987,381.350006,382.019989,376.099335,104087300
10/27/2022,383.070007,385,379.329987,379.980011,374.091003,81971800
10/28/2022,379.869995,389.519989,379.679993,389.019989,382.990845,100302000
10/31/2022,386.440002,388.399994,385.26001,386.209991,380.224396,96631300
11/1/2022,390.140015,390.390015,383.290009,384.519989,378.560608,85407600
11/2/2022,383.899994,388.630005,374.76001,374.869995,369.06015,126990400
11/3/2022,371.470001,374.200012,368.790009,371.01001,365.26001,87100100
11/4/2022,377,378.869995,370,376.350006,370.517273,103505200
11/7/2022,377.709991,380.570007,375.529999,379.950012,374.061462,68286900
11/8/2022,381.109985,385.119995,377.720001,382,376.079681,84641100
11/9/2022,379.929993,381.140015,373.609985,374.130005,368.331635,78495500
11/10/2022,388.049988,395.040009,385.640015,394.690002,388.572998,141455800
11/11/2022,395.589996,399.350006,393.609985,398.51001,392.333801,93839900
11/14/2022,396.660004,400.179993,394.829987,395.119995,388.996307,71903500
11/15/2022,401.149994,402.309998,394.48999,398.48999,392.314117,93194500
11/16/2022,396.779999,397.779999,394.790009,395.450012,389.321228,68508500
11/17/2022,390.459991,394.950012,390.140015,394.23999,388.129974,74496300
11/18/2022,397.73999,397.809998,393.040009,396.029999,389.892242,92922500
11/21/2022,394.640015,395.820007,392.660004,394.589996,388.474548,51243200
11/22/2022,396.630005,400.070007,395.149994,399.899994,393.702271,60429000
11/23/2022,399.549988,402.929993,399.309998,402.420013,396.183197,68261600
11/25/2022,401.829987,402.910004,401.540009,402.329987,396.094574,30545400
11/28/2022,399.089996,400.809998,395.109985,395.910004,389.774078,67881600
11/29/2022,396.049988,397.299988,393.299988,395.230011,389.104645,52310000
11/30/2022,395.48999,407.679993,393.480011,407.679993,401.361664,144566700
12/1/2022,408.769989,410,404.75,407.380005,401.066315,76398200
12/2/2022,402.25,407.859985,402.140015,406.910004,400.603638,85342700
12/5/2022,403.950012,404.929993,398.170013,399.589996,393.397034,77289800
12/6/2022,399.420013,399.98999,391.640015,393.829987,387.726318,77972200
12/7/2022,392.940002,395.640015,391.970001,393.160004,387.066711,65927900
12/8/2022,395.140015,397.359985,393.269989,396.23999,390.098938,60737900
12/9/2022,394.940002,397.619995,393.149994,393.279999,387.184845,81447700
12/12/2022,394.109985,398.950012,393.410004,398.950012,392.766968,75405800
12/13/2022,410.220001,410.48999,399.070007,401.970001,395.740173,123782500
12/14/2022,401.609985,405.5,396.309998,399.399994,393.209991,108111300
12/15/2022,394.299988,395.25,387.890015,389.630005,383.5914,117705900
12/16/2022,385.179993,386.579987,381.040009,383.269989,379.062683,119858000
12/19/2022,383.470001,383.820007,378.279999,380.019989,375.848389,79878100
12/20/2022,379.230011,382.230011,377.850006,380.540009,376.362671,74427200
12/21/2022,383.25,387.410004,382.690002,386.230011,381.990204,78167400
12/22/2022,383.049988,386.209991,374.769989,380.720001,376.540649,100120900
12/23/2022,379.649994,383.059998,378.029999,382.910004,378.706665,59857300
12/27/2022,382.790009,383.149994,379.649994,381.399994,377.213226,51638200
12/28/2022,381.329987,383.390015,376.420013,376.660004,372.525238,70911500
12/29/2022,379.630005,384.350006,379.079987,383.440002,379.230835,66970900
12/30/2022,380.640015,382.579987,378.429993,382.429993,378.231903,84022200
1/3/2023,384.369995,386.429993,377.829987,380.820007,376.639587,74850700
1/4/2023,383.179993,385.880005,380,383.76001,379.547333,85934100
1/5/2023,381.720001,381.839996,378.76001,379.380005,375.215393,76970500
1/6/2023,382.609985,389.25,379.410004,388.079987,383.819855,104189600
1/9/2023,390.369995,393.700012,387.670013,387.859985,383.602295,73978100
1/10/2023,387.25,390.649994,386.269989,390.579987,386.292419,65358100
1/11/2023,392.230011,395.600006,391.380005,395.519989,391.178223,68881100
1/12/2023,396.670013,398.48999,392.420013,396.959991,392.602386,90157700
1/13/2023,393.619995,399.100006,393.339996,398.5,394.125488,63903900
1/17/2023,398.480011,400.230011,397.059998,397.769989,393.403503,62677300
1/18/2023,399.01001,400.119995,391.279999,391.48999,387.192474,99632300
1/19/2023,389.359985,391.079987,387.26001,388.640015,384.373779,86958900
1/20/2023,390.100006,396.040009,388.380005,395.880005,391.534271,91806400
1/23/2023,396.720001,402.649994,395.720001,400.630005,396.232147,84178800
1/24/2023,398.880005,401.149994,397.640015,400.200012,395.806824,59524900
1/25/2023,395.950012,400.700012,393.559998,400.350006,395.9552,84800300
1/26/2023,403.130005,404.920013,400.029999,404.75,400.306915,72287400
1/27/2023,403.660004,408.160004,403.440002,405.679993,401.226685,68346200
1/30/2023,402.799988,405.130005,400.279999,400.589996,396.192535,74202000
1/31/2023,401.130005,406.529999,400.769989,406.480011,402.017914,86811800
2/1/2023,405.209991,413.670013,402.350006,410.799988,406.290466,101459200
2/2/2023,414.859985,418.309998,412.880005,416.779999,412.204834,101654500
2/3/2023,411.589996,416.970001,411.089996,412.350006,407.823486,94736800
2/6/2023,409.790009,411.290009,408.100006,409.829987,405.331116,60295300
2/7/2023,408.869995,416.48999,407.570007,415.190002,410.632294,90990700
2/8/2023,413.130005,414.529999,409.929993,410.649994,406.14212,76227500
2/9/2023,414.410004,414.570007,405.809998,407.089996,402.621216,78694900
2/10/2023,405.859985,408.440002,405.01001,408.040009,403.560822,70769700
2/13/2023,408.720001,412.970001,408.23999,412.829987,408.298187,64913500
2/14/2023,411.23999,415.049988,408.51001,412.640015,408.110321,88389300
2/15/2023,410.350006,414.059998,409.470001,413.980011,409.435608,61555700
2/16/2023,408.790009,412.910004,408.140015,408.279999,403.798157,76431500
2/17/2023,406.059998,407.51001,404.049988,407.26001,402.789337,89257800
2/21/2023,403.059998,404.160004,398.820007,399.089996,394.709015,82655900
2/22/2023,399.519989,401.130005,397.019989,398.540009,394.16507,83742300
2/23/2023,401.559998,402.200012,396.25,400.660004,396.26178,96242400
2/24/2023,395.420013,397.25,393.640015,396.380005,392.028748,108194400
2/27/2023,399.869995,401.290009,396.75,397.730011,393.363983,80444700
2/28/2023,397.230011,399.279999,396.149994,396.26001,391.910095,96438600
3/1/2023,395.410004,396.690002,393.380005,394.73999,390.406799,99706800
3/2/2023,392.679993,398.690002,392.329987,397.809998,393.443054,85127800
3/3/2023,399.709991,404.450012,399.029999,404.190002,399.753021,90120000
3/6/2023,405.049988,407.450012,404.01001,404.470001,400.029968,72795900
3/7/2023,404.420013,404.670013,397.630005,398.269989,393.898041,108310600
3/8/2023,398.390015,399.709991,396.589996,398.920013,394.540894,74746600
3/9/2023,399.73999,401.480011,390.529999,391.559998,387.261688,111945300
3/10/2023,390.98999,393.160004,384.320007,385.910004,381.673737,189253000
3/13/2023,381.809998,390.390015,380.649994,385.359985,381.12973,157790000
3/14/2023,390.5,393.450012,387.049988,391.730011,387.42984,149752400
3/15/2023,385.890015,389.48999,383.709991,389.279999,385.006714,172996900
3/16/2023,386.820007,396.470001,386.290009,396.109985,391.761719,143254200
3/17/2023,393.220001,394.399994,388.549988,389.98999,387.180969,140553400
3/20/2023,390.799988,394.170013,390.070007,393.73999,390.903961,93055800
3/21/2023,397.23999,399.410004,395.579987,398.910004,396.036713,91524200
3/22/2023,398.730011,402.48999,392.070007,392.109985,389.285706,111746600
3/23/2023,395.089996,399.290009,390.350006,393.170013,390.338104,119351300
3/24/2023,391.839996,395.839996,389.399994,395.75,392.899475,107682400
3/27/2023,398.119995,398.920013,395.559998,396.48999,393.634155,74010400
3/28/2023,395.769989,396.48999,393.690002,395.600006,392.75058,62871700
3/29/2023,399.929993,401.600006,398.679993,401.350006,398.459167,77497900
3/30/2023,404.089996,404.350006,401.76001,403.700012,400.792267,69840000
3/31/2023,404.660004,409.700012,404.549988,409.390015,406.441254,112062600
4/3/2023,408.850006,411.369995,408.440002,410.950012,407.990021,67391100
4/4/2023,411.619995,411.920013,407.23999,408.670013,405.72644,66601500
4/5/2023,407.910004,408.700012,405.880005,407.600006,404.664154,65200200
4/6/2023,406.769989,409.480011,405.679993,409.190002,406.242676,63743300
4/10/2023,406.609985,409.690002,405.970001,409.609985,406.659637,63681000
4/11/2023,410.26001,411.179993,408.920013,409.720001,406.76886,59297900
4/12/2023,411.869995,412.170013,407.440002,408.049988,405.110901,86420400
4/13/2023,409.179993,413.839996,407.98999,413.470001,410.491852,85814800
4/14/2023,412.809998,415.089996,410.059998,412.459991,409.489136,78161500
4/17/2023,412.369995,413.959991,411.089996,413.940002,410.958466,66436400
4/18/2023,415.579987,415.720001,412.779999,414.209991,411.226532,63560000
4/19/2023,412.220001,415.079987,412.160004,414.140015,411.157043,55227300
4/20/2023,411.209991,413.700012,410.269989,411.880005,408.91333,75840400
4/21/2023,412.190002,412.679993,410.170013,412.200012,409.231018,73457400
4/24/2023,411.98999,413.070007,410.600006,412.630005,409.657898,64332100
4/25/2023,410.579987,411.160004,406.019989,406.079987,403.15509,97766700
4/26/2023,406.720001,407.839996,403.779999,404.359985,401.447479,80447000
4/27/2023,407,412.690002,406.73999,412.410004,409.439514,92968400
4/28/2023,411.48999,415.940002,411.429993,415.929993,412.934143,89335600
5/1/2023,415.470001,417.619995,415.269989,415.51001,412.517151,62122300
5/2/2023,414.769989,414.820007,407.820007,410.839996,407.880798,103998500
5/3/2023,411.359985,413.869995,407.769989,408.019989,405.081116,91531800
5/4/2023,406.929993,407.269989,403.73999,405.130005,402.211945,94901900
5/5/2023,408.910004,413.720001,408.640015,412.630005,409.657898,87844000
5/8/2023,412.970001,413.23999,411.279999,412.73999,409.76712,50046800
5/9/2023,411.130005,412.089996,410.690002,410.929993,407.970154,49220100
5/10/2023,413.880005,414.540009,408.869995,412.850006,409.876343,96142900
5/11/2023,411.950012,412.429993,409.970001,412.130005,409.16153,70157100
5/12/2023,413.420013,413.640015,409.070007,411.589996,408.625397,70439400
5/15/2023,412.220001,413.429993,410.230011,413.01001,410.035187,54289400
5/16/2023,411.859985,412.820007,410.23999,410.25,407.295044,57705500
5/17/2023,412.350006,415.859985,410.640015,415.230011,412.239197,87287000
5/18/2023,414.899994,419.670013,414.670013,419.230011,416.210388,97177200
5/19/2023,420.170013,420.720001,417.350006,418.619995,415.604767,103679700
5/22/2023,418.640015,420.390015,417.350006,418.790009,415.77356,60745400
5/23/2023,417.079987,418.720001,413.679993,414.089996,411.107391,86383500
5/24/2023,412.420013,412.820007,409.880005,411.089996,408.129028,89213700
5/25/2023,414.73999,416.160004,412.410004,414.649994,411.663361,90961600
5/26/2023,415.329987,420.769989,415.25,420.019989,416.994659,93830000
5/30/2023,422.029999,422.579987,418.73999,420.179993,417.153534,72216000
5/31/2023,418.279999,419.220001,416.220001,417.850006,414.840332,110811800
6/1/2023,418.089996,422.920013,416.790009,421.820007,418.781738,88865000
6/2/2023,424.5,428.73999,423.950012,427.920013,424.837799,91366700
6/5/2023,428.279999,429.619995,426.369995,427.100006,424.023712,65460200
6/6/2023,426.670013,428.579987,425.98999,428.029999,424.94696,64022200
6/7/2023,428.440002,429.619995,426.109985,426.549988,423.477631,85373300
6/8/2023,426.619995,429.600006,425.820007,429.130005,426.039093,61952800
6/9/2023,429.959991,431.98999,428.869995,429.899994,426.803497,85742800
6/12/2023,430.920013,433.880005,430.170013,433.799988,430.675415,76104300
6/13/2023,435.320007,437.329987,434.630005,436.660004,433.514832,95899700
6/14/2023,437.01001,439.059998,433.589996,437.179993,434.031097,100612100
6/15/2023,436.329987,443.899994,436.230011,442.600006,439.412048,110303100
6/16/2023,443.019989,443.609985,438.970001,439.459991,437.915314,114121300
6/20/2023,437.450012,438.369995,435.029999,437.179993,435.643341,76160400
6/21/2023,436.160004,436.98999,434.329987,434.940002,433.411224,76982300
6/22/2023,433.950012,436.619995,433.600006,436.51001,434.975708,70637200
6/23/2023,432.929993,435.059998,432.470001,433.209991,431.687286,92074500
6/26/2023,432.619995,434.609985,431.190002,431.440002,429.923523,72823600
6/27/2023,432.350006,436.809998,431.880005,436.170013,434.636902,72813700
6/28/2023,435.049988,437.440002,434.410004,436.390015,434.85614,75636000
6/29/2023,435.959991,438.279999,435.540009,438.109985,436.570038,67882300
6/30/2023,441.440002,444.299988,441.109985,443.279999,441.721893,104921500
7/3/2023,442.920013,444.079987,442.630005,443.790009,442.230103,32793400
7/5/2023,441.910004,443.890015,441.899994,443.130005,441.572418,58418400
7/6/2023,439.420013,440.100006,437.059998,439.660004,438.114624,80658300
7/7/2023,438.630005,442.640015,438.299988,438.549988,437.008514,86076100
7/10/2023,438.179993,439.839996,437.589996,439.660004,438.114624,62443500
7/11/2023,440.450012,442.970001,439.440002,442.459991,440.904755,64463800
7/12/2023,446.390015,447.480011,444.910004,446.019989,444.45224,91924500
7/13/2023,447.899994,450.380005,447.450012,449.559998,447.979828,72425200
7/14/2023,450.480011,451.359985,448.48999,449.279999,447.700806,69761800
7/17/2023,449.130005,451.929993,449.079987,450.839996,449.25531,52680200
7/18/2023,450.5,454.859985,450.049988,454.190002,452.593536,80744400
7/19/2023,455.01001,456.429993,454.109985,455.200012,453.600006,65891700
7/20/2023,454.170013,455.100006,451.440002,452.179993,450.590607,70591600
7/21/2023,453.959991,454.170013,452.170013,452.179993,450.590607,71245400
7/24/2023,453.369995,455.040009,452.299988,454.200012,452.603516,54023400
7/25/2023,453.920013,456.73999,453.869995,455.440002,453.839142,55191200
7/26/2023,454.470001,456.98999,453.380005,455.51001,453.908905,71052900
7/27/2023,459.019989,459.440002,451.549988,452.48999,450.899506,92194400
7/28/2023,455.880005,457.779999,452.48999,456.920013,455.313965,80011800
7/31/2023,457.410004,458.160004,456.049988,457.790009,456.180908,62040400
8/1/2023,456.269989,457.25,455.48999,456.480011,454.875519,55291500
8/2/2023,453.25,453.519989,449.350006,450.130005,448.547821,93933400
8/3/2023,448.040009,450.790009,447.369995,448.839996,447.26236,64276100
8/4/2023,450.720001,452.899994,446.269989,446.809998,445.239471,100052300
8/7/2023,448.709991,450.869995,447.98999,450.709991,449.125763,58357500
8/8/2023,448.079987,450.700012,445.269989,448.75,447.172668,71361300
8/9/2023,449.029999,449.200012,444.959991,445.75,444.183228,78789600
8/10/2023,448.190002,451.700012,444.700012,445.910004,444.342651,93005500
8/11/2023,443.970001,446.700012,443.350006,445.649994,444.083557,68664600
8/14/2023,444.700012,448.109985,444.380005,448.109985,446.534912,47867400
8/15/2023,446.269989,446.640015,442.299988,442.890015,441.333282,75707500
8/16/2023,442.459991,444.179993,439.529999,439.640015,438.094696,80107200
8/17/2023,441.160004,441.429993,435.75,436.290009,434.75647,95711300
8/18/2023,433.369995,437.570007,433.01001,436.5,434.965729,98758400
8/21/2023,437.549988,440.109985,435.320007,439.339996,437.795746,68719000
8/22/2023,441.179993,441.179993,437.570007,438.149994,436.609924,65062900
8/23/2023,439.25,443.670013,439.100006,443.029999,441.472778,68441000
8/24/2023,444.690002,445.220001,436.859985,436.890015,435.35437,88517300
8/25/2023,438.679993,441.299988,435,439.970001,438.423523,102325100
8/28/2023,442.23999,443.399994,439.970001,442.76001,441.203735,61595400
8/29/2023,442.649994,449.450012,442.459991,449.160004,447.581238,83081900
8/30/2023,449.51001,451.670013,448.779999,451.01001,449.424744,69053900
8/31/2023,451.649994,452.829987,450.160004,450.350006,448.767059,66084600
9/1/2023,453.170013,453.670013,449.679993,451.190002,449.604095,58875700
9/5/2023,450.730011,451.059998,449.170013,449.23999,447.66095,55166200
9/6/2023,448.399994,448.51001,443.809998,446.220001,444.65155,70758500
9/7/2023,443.109985,445.549988,442.75,444.850006,443.286377,70355400
9/8/2023,444.899994,447.109985,444.529999,445.519989,443.95401,61659700
9/11/2023,448.23999,448.769989,446.470001,448.450012,446.873749,60180100
9/12/2023,446.950012,448.529999,445.390015,445.98999,444.422363,67565400
9/13/2023,446.220001,447.709991,445.079987,446.51001,444.940552,60199300
9/14/2023,449.070007,451.079987,447.720001,450.359985,448.777008,83430800
9/15/2023,447.140015,447.480011,442.920013,443.369995,443.369995,111761400
9/18/2023,443.049988,444.970001,442.559998,443.630005,443.630005,55752200
9/19/2023,442.679993,443.290009,439.940002,442.709991,442.709991,66514600
9/20/2023,444.01001,444.440002,438.429993,438.640015,438.640015,82562600
9/21/2023,435.700012,435.970001,431.230011,431.390015,431.390015,103976100
9/22/2023,432.450012,434.100006,429.98999,430.420013,430.420013,100829700
9/25/2023,429.170013,432.269989,428.720001,432.230011,432.230011,70874500
9/26/2023,429.089996,429.820007,425.019989,425.880005,425.880005,96168400
9/27/2023,427.089996,427.670013,422.290009,426.049988,426.049988,104705800
9/28/2023,425.480011,430.25,424.869995,428.519989,428.519989,92258300
9/29/2023,431.670013,431.850006,425.910004,427.480011,427.480011,115078500
10/2/2023,426.619995,428.600006,424.459991,427.309998,427.309998,83798600
10/3/2023,425.059998,427.369995,420.179993,421.589996,421.589996,103760600
10/4/2023,422.070007,425.429993,420.559998,424.660004,424.660004,87453000
10/5/2023,424.359985,425.369995,421.170013,424.5,424.5,70142700
10/6/2023,421.970001,431.130005,420.600006,429.540009,429.540009,113202700
10/9/2023,427.579987,432.880005,427.01001,432.290009,432.290009,80374400
10/10/2023,432.940002,437.220001,432.529999,434.540009,434.540009,78607300
10/11/2023,435.640015,436.579987,433.179993,436.320007,436.320007,62451700
10/12/2023,436.950012,437.339996,431.230011,433.660004,433.660004,81154200
10/13/2023,435.209991,436.450012,429.880005,431.5,431.5,95143100
10/16/2023,433.820007,437.140015,433.570007,436.040009,436.040009,75433200
10/17/2023,432.809998,438.140015,432.450012,436.019989,436.019989,75324700
10/18/2023,434.190002,435.179993,429.089996,430.209991,430.209991,93559800
10/19/2023,430.950012,432.820007,425.730011,426.429993,426.429993,121323000
10/20/2023,425.980011,426.540009,421.079987,421.190002,421.190002,123845800
10/23/2023,419.609985,424.450012,417.799988,420.459991,420.459991,92035100
10/24/2023,422.649994,424.820007,420.73999,423.630005,423.630005,78564200
10/25/2023,421.890015,421.920013,417.019989,417.549988,417.549988,94223200
10/26/2023,416.450012,417.329987,411.600006,412.549988,412.549988,115156800
10/27/2023,414.190002,414.600006,409.209991,410.679993,410.679993,107367700
10/30/2023,413.559998,416.679993,412.220001,415.589996,415.589996,86562700
10/31/2023,416.179993,418.529999,414.209991,418.200012,418.200012,79665200
11/1/2023,419.200012,423.5,418.649994,422.660004,422.660004,98068100
11/2/2023,426.579987,430.920013,426.559998,430.76001,430.76001,94938900
11/3/2023,433.140015,436.290009,433.01001,434.690002,434.690002,100110800
11/6/2023,435.470001,436.149994,433.679993,435.690002,435.690002,67831700
11/7/2023,435.690002,437.589996,434.51001,436.929993,436.929993,64256100
11/8/2023,437.549988,438.089996,434.869995,437.25,437.25,61746000
11/9/2023,438.429993,438.470001,433.399994,433.839996,433.839996,83174400
11/10/2023,435.980011,440.929993,433.829987,440.609985,440.609985,89462200
11/13/2023,439.230011,441.329987,438.420013,440.190002,440.190002,52236100
11/14/2023,446.320007,450.059998,446.089996,448.730011,448.730011,97176900
11/15/2023,450.109985,451.380005,448.799988,449.679993,449.679993,77327600
11/16/2023,449.220001,450.559998,448.119995,450.230011,450.230011,66665800
11/17/2023,450.23999,451.420013,449.290009,450.790009,450.790009,83133200
11/20/2023,450.529999,455.130005,450.519989,454.26001,454.26001,69936200
11/21/2023,453.179993,454.130005,451.959991,453.269989,453.269989,49244600
11/22/2023,454.980011,456.380005,453.890015,455.019989,455.019989,59394900
11/24/2023,455.070007,455.5,454.730011,455.299988,455.299988,29737400
11/27/2023,454.649994,455.48999,454.079987,454.480011,454.480011,50506000
11/28/2023,454.079987,456.269989,453.5,454.929993,454.929993,62115000
11/29/2023,457.149994,458.320007,454.200012,454.609985,454.609985,63146000
11/30/2023,455.480011,456.76001,453.339996,456.399994,456.399994,79752700
12/1/2023,455.769989,459.649994,455.160004,459.100006,459.100006,89097900
12/4/2023,455.600006,459.119995,454.339996,456.690002,456.690002,72430900
12/5/2023,455.26001,457.589996,454.869995,456.600006,456.600006,69793500
12/6/2023,458.809998,458.839996,454.309998,454.76001,454.76001,69124700
12/7/2023,456.910004,458.899994,456.290009,458.230011,458.230011,66995400
12/8/2023,457.459991,460.75,457.209991,460.200012,460.200012,83080900
12/11/2023,459.690002,462.170013,459.470001,461.98999,461.98999,64088400
